Adding custom extension mapping: 'ioc' will be treated as language 'c'
Adding custom extension mapping: 'ld' will be treated as language 'c'
Adding custom extension mapping: 's' will be treated as language 'c'
Adding custom extension mapping: 'asm' will be treated as language 'c'
Doxygen version used: 1.17.0 (65a43c0aba45cc23b3ca11b6b5334d4eea931726)
Searching for include files...
Searching for example files...
Searching for files in directory C:/Users/vishn/Documents/projects/Hackathon/my_firmware/craftiai_sentinel
Searching for files in directory C:/Users/vishn/Documents/projects/Hackathon/my_firmware/craftiai_sentinel/build
Searching for files in directory C:/Users/vishn/Documents/projects/Hackathon/my_firmware/craftiai_sentinel/build/bootloader
Searching for files in directory C:/Users/vishn/Documents/projects/Hackathon/my_firmware/craftiai_sentinel/build/bootloader/CMakeFiles
Searching for files in directory C:/Users/vishn/Documents/projects/Hackathon/my_firmware/craftiai_sentinel/build/bootloader/CMakeFiles/3.30.2
Searching for files in directory C:/Users/vishn/Documents/projects/Hackathon/my_firmware/craftiai_sentinel/build/bootloader/CMakeFiles/3.30.2/CompilerIdASM
Searching for files in directory C:/Users/vishn/Documents/projects/Hackathon/my_firmware/craftiai_sentinel/build/bootloader/CMakeFiles/3.30.2/CompilerIdC
Searching for files in directory C:/Users/vishn/Documents/projects/Hackathon/my_firmware/craftiai_sentinel/build/bootloader/CMakeFiles/3.30.2/CompilerIdC/tmp
Searching for files in directory C:/Users/vishn/Documents/projects/Hackathon/my_firmware/craftiai_sentinel/build/bootloader/CMakeFiles/3.30.2/CompilerIdCXX
Searching for files in directory C:/Users/vishn/Documents/projects/Hackathon/my_firmware/craftiai_sentinel/build/bootloader/CMakeFiles/3.30.2/CompilerIdCXX/tmp
Searching for files in directory C:/Users/vishn/Documents/projects/Hackathon/my_firmware/craftiai_sentinel/build/bootloader/CMakeFiles/bootloader.elf.dir
Searching for files in directory C:/Users/vishn/Documents/projects/Hackathon/my_firmware/craftiai_sentinel/build/bootloader/CMakeFiles/git-data
Searching for files in directory C:/Users/vishn/Documents/projects/Hackathon/my_firmware/craftiai_sentinel/build/bootloader/CMakeFiles/pkgRedirects
Searching for files in directory C:/Users/vishn/Documents/projects/Hackathon/my_firmware/craftiai_sentinel/build/bootloader/config
Searching for files in directory C:/Users/vishn/Documents/projects/Hackathon/my_firmware/craftiai_sentinel/build/bootloader/esp-idf
Searching for files in directory C:/Users/vishn/Documents/projects/Hackathon/my_firmware/craftiai_sentinel/build/bootloader/esp-idf/bootloader
Searching for files in directory C:/Users/vishn/Documents/projects/Hackathon/my_firmware/craftiai_sentinel/build/bootloader/esp-idf/bootloader/CMakeFiles
Searching for files in directory C:/Users/vishn/Documents/projects/Hackathon/my_firmware/craftiai_sentinel/build/bootloader/esp-idf/bootloader_support
Searching for files in directory C:/Users/vishn/Documents/projects/Hackathon/my_firmware/craftiai_sentinel/build/bootloader/esp-idf/bootloader_support/CMakeFiles
Searching for files in directory C:/Users/vishn/Documents/projects/Hackathon/my_firmware/craftiai_sentinel/build/bootloader/esp-idf/bootloader_support/CMakeFiles/__idf_bootloader_support.dir
Searching for files in directory C:/Users/vishn/Documents/projects/Hackathon/my_firmware/craftiai_sentinel/build/bootloader/esp-idf/bootloader_support/CMakeFiles/__idf_bootloader_support.dir/bootloader_flash
Searching for files in directory C:/Users/vishn/Documents/projects/Hackathon/my_firmware/craftiai_sentinel/build/bootloader/esp-idf/bootloader_support/CMakeFiles/__idf_bootloader_support.dir/bootloader_flash/src
Searching for files in directory C:/Users/vishn/Documents/projects/Hackathon/my_firmware/craftiai_sentinel/build/bootloader/esp-idf/bootloader_support/CMakeFiles/__idf_bootloader_support.dir/src
Searching for files in directory C:/Users/vishn/Documents/projects/Hackathon/my_firmware/craftiai_sentinel/build/bootloader/esp-idf/bootloader_support/CMakeFiles/__idf_bootloader_support.dir/src/esp32c3
Searching for files in directory C:/Users/vishn/Documents/projects/Hackathon/my_firmware/craftiai_sentinel/build/bootloader/esp-idf/CMakeFiles
Searching for files in directory C:/Users/vishn/Documents/projects/Hackathon/my_firmware/craftiai_sentinel/build/bootloader/esp-idf/efuse
Searching for files in directory C:/Users/vishn/Documents/projects/Hackathon/my_firmware/craftiai_sentinel/build/bootloader/esp-idf/efuse/CMakeFiles
Searching for files in directory C:/Users/vishn/Documents/projects/Hackathon/my_firmware/craftiai_sentinel/build/bootloader/esp-idf/efuse/CMakeFiles/__idf_efuse.dir
Searching for files in directory C:/Users/vishn/Documents/projects/Hackathon/my_firmware/craftiai_sentinel/build/bootloader/esp-idf/efuse/CMakeFiles/__idf_efuse.dir/esp32c3
Searching for files in directory C:/Users/vishn/Documents/projects/Hackathon/my_firmware/craftiai_sentinel/build/bootloader/esp-idf/efuse/CMakeFiles/__idf_efuse.dir/src
Searching for files in directory C:/Users/vishn/Documents/projects/Hackathon/my_firmware/craftiai_sentinel/build/bootloader/esp-idf/efuse/CMakeFiles/__idf_efuse.dir/src/efuse_controller
Searching for files in directory C:/Users/vishn/Documents/projects/Hackathon/my_firmware/craftiai_sentinel/build/bootloader/esp-idf/efuse/CMakeFiles/__idf_efuse.dir/src/efuse_controller/keys
Searching for files in directory C:/Users/vishn/Documents/projects/Hackathon/my_firmware/craftiai_sentinel/build/bootloader/esp-idf/efuse/CMakeFiles/__idf_efuse.dir/src/efuse_controller/keys/with_key_purposes
Searching for files in directory C:/Users/vishn/Documents/projects/Hackathon/my_firmware/craftiai_sentinel/build/bootloader/esp-idf/esptool_py
Searching for files in directory C:/Users/vishn/Documents/projects/Hackathon/my_firmware/craftiai_sentinel/build/bootloader/esp-idf/esptool_py/CMakeFiles
Searching for files in directory C:/Users/vishn/Documents/projects/Hackathon/my_firmware/craftiai_sentinel/build/bootloader/esp-idf/esp_app_format
Searching for files in directory C:/Users/vishn/Documents/projects/Hackathon/my_firmware/craftiai_sentinel/build/bootloader/esp-idf/esp_app_format/CMakeFiles
Searching for files in directory C:/Users/vishn/Documents/projects/Hackathon/my_firmware/craftiai_sentinel/build/bootloader/esp-idf/esp_bootloader_format
Searching for files in directory C:/Users/vishn/Documents/projects/Hackathon/my_firmware/craftiai_sentinel/build/bootloader/esp-idf/esp_bootloader_format/CMakeFiles
Searching for files in directory C:/Users/vishn/Documents/projects/Hackathon/my_firmware/craftiai_sentinel/build/bootloader/esp-idf/esp_bootloader_format/CMakeFiles/__idf_esp_bootloader_format.dir
Searching for files in directory C:/Users/vishn/Documents/projects/Hackathon/my_firmware/craftiai_sentinel/build/bootloader/esp-idf/esp_common
Searching for files in directory C:/Users/vishn/Documents/projects/Hackathon/my_firmware/craftiai_sentinel/build/bootloader/esp-idf/esp_common/CMakeFiles
Searching for files in directory C:/Users/vishn/Documents/projects/Hackathon/my_firmware/craftiai_sentinel/build/bootloader/esp-idf/esp_common/CMakeFiles/__idf_esp_common.dir
Searching for files in directory C:/Users/vishn/Documents/projects/Hackathon/my_firmware/craftiai_sentinel/build/bootloader/esp-idf/esp_common/CMakeFiles/__idf_esp_common.dir/src
Searching for files in directory C:/Users/vishn/Documents/projects/Hackathon/my_firmware/craftiai_sentinel/build/bootloader/esp-idf/esp_hw_support
Searching for files in directory C:/Users/vishn/Documents/projects/Hackathon/my_firmware/craftiai_sentinel/build/bootloader/esp-idf/esp_hw_support/CMakeFiles
Searching for files in directory C:/Users/vishn/Documents/projects/Hackathon/my_firmware/craftiai_sentinel/build/bootloader/esp-idf/esp_hw_support/CMakeFiles/__idf_esp_hw_support.dir
Searching for files in directory C:/Users/vishn/Documents/projects/Hackathon/my_firmware/craftiai_sentinel/build/bootloader/esp-idf/esp_hw_support/CMakeFiles/__idf_esp_hw_support.dir/port
Searching for files in directory C:/Users/vishn/Documents/projects/Hackathon/my_firmware/craftiai_sentinel/build/bootloader/esp-idf/esp_hw_support/CMakeFiles/__idf_esp_hw_support.dir/port/esp32c3
Searching for files in directory C:/Users/vishn/Documents/projects/Hackathon/my_firmware/craftiai_sentinel/build/bootloader/esp-idf/esp_hw_support/lowpower
Searching for files in directory C:/Users/vishn/Documents/projects/Hackathon/my_firmware/craftiai_sentinel/build/bootloader/esp-idf/esp_hw_support/lowpower/CMakeFiles
Searching for files in directory C:/Users/vishn/Documents/projects/Hackathon/my_firmware/craftiai_sentinel/build/bootloader/esp-idf/esp_hw_support/port
Searching for files in directory C:/Users/vishn/Documents/projects/Hackathon/my_firmware/craftiai_sentinel/build/bootloader/esp-idf/esp_hw_support/port/esp32c3
Searching for files in directory C:/Users/vishn/Documents/projects/Hackathon/my_firmware/craftiai_sentinel/build/bootloader/esp-idf/esp_hw_support/port/esp32c3/CMakeFiles
Searching for files in directory C:/Users/vishn/Documents/projects/Hackathon/my_firmware/craftiai_sentinel/build/bootloader/esp-idf/esp_rom
Searching for files in directory C:/Users/vishn/Documents/projects/Hackathon/my_firmware/craftiai_sentinel/build/bootloader/esp-idf/esp_rom/CMakeFiles
Searching for files in directory C:/Users/vishn/Documents/projects/Hackathon/my_firmware/craftiai_sentinel/build/bootloader/esp-idf/esp_rom/CMakeFiles/__idf_esp_rom.dir
Searching for files in directory C:/Users/vishn/Documents/projects/Hackathon/my_firmware/craftiai_sentinel/build/bootloader/esp-idf/esp_rom/CMakeFiles/__idf_esp_rom.dir/patches
Searching for files in directory C:/Users/vishn/Documents/projects/Hackathon/my_firmware/craftiai_sentinel/build/bootloader/esp-idf/esp_security
Searching for files in directory C:/Users/vishn/Documents/projects/Hackathon/my_firmware/craftiai_sentinel/build/bootloader/esp-idf/esp_security/CMakeFiles
Searching for files in directory C:/Users/vishn/Documents/projects/Hackathon/my_firmware/craftiai_sentinel/build/bootloader/esp-idf/esp_system
Searching for files in directory C:/Users/vishn/Documents/projects/Hackathon/my_firmware/craftiai_sentinel/build/bootloader/esp-idf/esp_system/CMakeFiles
Searching for files in directory C:/Users/vishn/Documents/projects/Hackathon/my_firmware/craftiai_sentinel/build/bootloader/esp-idf/esp_system/CMakeFiles/__idf_esp_system.dir
Searching for files in directory C:/Users/vishn/Documents/projects/Hackathon/my_firmware/craftiai_sentinel/build/bootloader/esp-idf/freertos
Searching for files in directory C:/Users/vishn/Documents/projects/Hackathon/my_firmware/craftiai_sentinel/build/bootloader/esp-idf/freertos/CMakeFiles
Searching for files in directory C:/Users/vishn/Documents/projects/Hackathon/my_firmware/craftiai_sentinel/build/bootloader/esp-idf/hal
Searching for files in directory C:/Users/vishn/Documents/projects/Hackathon/my_firmware/craftiai_sentinel/build/bootloader/esp-idf/hal/CMakeFiles
Searching for files in directory C:/Users/vishn/Documents/projects/Hackathon/my_firmware/craftiai_sentinel/build/bootloader/esp-idf/hal/CMakeFiles/__idf_hal.dir
Searching for files in directory C:/Users/vishn/Documents/projects/Hackathon/my_firmware/craftiai_sentinel/build/bootloader/esp-idf/hal/CMakeFiles/__idf_hal.dir/esp32c3
Searching for files in directory C:/Users/vishn/Documents/projects/Hackathon/my_firmware/craftiai_sentinel/build/bootloader/esp-idf/log
Searching for files in directory C:/Users/vishn/Documents/projects/Hackathon/my_firmware/craftiai_sentinel/build/bootloader/esp-idf/log/CMakeFiles
Searching for files in directory C:/Users/vishn/Documents/projects/Hackathon/my_firmware/craftiai_sentinel/build/bootloader/esp-idf/log/CMakeFiles/__idf_log.dir
Searching for files in directory C:/Users/vishn/Documents/projects/Hackathon/my_firmware/craftiai_sentinel/build/bootloader/esp-idf/log/CMakeFiles/__idf_log.dir/src
Searching for files in directory C:/Users/vishn/Documents/projects/Hackathon/my_firmware/craftiai_sentinel/build/bootloader/esp-idf/log/CMakeFiles/__idf_log.dir/src/buffer
Searching for files in directory C:/Users/vishn/Documents/projects/Hackathon/my_firmware/craftiai_sentinel/build/bootloader/esp-idf/log/CMakeFiles/__idf_log.dir/src/noos
Searching for files in directory C:/Users/vishn/Documents/projects/Hackathon/my_firmware/craftiai_sentinel/build/bootloader/esp-idf/main
Searching for files in directory C:/Users/vishn/Documents/projects/Hackathon/my_firmware/craftiai_sentinel/build/bootloader/esp-idf/main/CMakeFiles
Searching for files in directory C:/Users/vishn/Documents/projects/Hackathon/my_firmware/craftiai_sentinel/build/bootloader/esp-idf/main/CMakeFiles/__idf_main.dir
Searching for files in directory C:/Users/vishn/Documents/projects/Hackathon/my_firmware/craftiai_sentinel/build/bootloader/esp-idf/micro-ecc
Searching for files in directory C:/Users/vishn/Documents/projects/Hackathon/my_firmware/craftiai_sentinel/build/bootloader/esp-idf/micro-ecc/CMakeFiles
Searching for files in directory C:/Users/vishn/Documents/projects/Hackathon/my_firmware/craftiai_sentinel/build/bootloader/esp-idf/micro-ecc/CMakeFiles/__idf_micro-ecc.dir
Searching for files in directory C:/Users/vishn/Documents/projects/Hackathon/my_firmware/craftiai_sentinel/build/bootloader/esp-idf/newlib
Searching for files in directory C:/Users/vishn/Documents/projects/Hackathon/my_firmware/craftiai_sentinel/build/bootloader/esp-idf/newlib/CMakeFiles
Searching for files in directory C:/Users/vishn/Documents/projects/Hackathon/my_firmware/craftiai_sentinel/build/bootloader/esp-idf/partition_table
Searching for files in directory C:/Users/vishn/Documents/projects/Hackathon/my_firmware/craftiai_sentinel/build/bootloader/esp-idf/partition_table/CMakeFiles
Searching for files in directory C:/Users/vishn/Documents/projects/Hackathon/my_firmware/craftiai_sentinel/build/bootloader/esp-idf/riscv
Searching for files in directory C:/Users/vishn/Documents/projects/Hackathon/my_firmware/craftiai_sentinel/build/bootloader/esp-idf/riscv/CMakeFiles
Searching for files in directory C:/Users/vishn/Documents/projects/Hackathon/my_firmware/craftiai_sentinel/build/bootloader/esp-idf/riscv/CMakeFiles/__idf_riscv.dir
Searching for files in directory C:/Users/vishn/Documents/projects/Hackathon/my_firmware/craftiai_sentinel/build/bootloader/esp-idf/soc
Searching for files in directory C:/Users/vishn/Documents/projects/Hackathon/my_firmware/craftiai_sentinel/build/bootloader/esp-idf/soc/CMakeFiles
Searching for files in directory C:/Users/vishn/Documents/projects/Hackathon/my_firmware/craftiai_sentinel/build/bootloader/esp-idf/soc/CMakeFiles/__idf_soc.dir
Searching for files in directory C:/Users/vishn/Documents/projects/Hackathon/my_firmware/craftiai_sentinel/build/bootloader/esp-idf/soc/CMakeFiles/__idf_soc.dir/esp32c3
Searching for files in directory C:/Users/vishn/Documents/projects/Hackathon/my_firmware/craftiai_sentinel/build/bootloader/esp-idf/spi_flash
Searching for files in directory C:/Users/vishn/Documents/projects/Hackathon/my_firmware/craftiai_sentinel/build/bootloader/esp-idf/spi_flash/CMakeFiles
Searching for files in directory C:/Users/vishn/Documents/projects/Hackathon/my_firmware/craftiai_sentinel/build/bootloader/esp-idf/spi_flash/CMakeFiles/__idf_spi_flash.dir
Searching for files in directory C:/Users/vishn/Documents/projects/Hackathon/my_firmware/craftiai_sentinel/build/bootloader/gdbinit
Searching for files in directory C:/Users/vishn/Documents/projects/Hackathon/my_firmware/craftiai_sentinel/build/bootloader-prefix
Searching for files in directory C:/Users/vishn/Documents/projects/Hackathon/my_firmware/craftiai_sentinel/build/bootloader-prefix/src
Searching for files in directory C:/Users/vishn/Documents/projects/Hackathon/my_firmware/craftiai_sentinel/build/bootloader-prefix/src/bootloader-stamp
Searching for files in directory C:/Users/vishn/Documents/projects/Hackathon/my_firmware/craftiai_sentinel/build/bootloader-prefix/tmp
Searching for files in directory C:/Users/vishn/Documents/projects/Hackathon/my_firmware/craftiai_sentinel/build/CMakeFiles
Searching for files in directory C:/Users/vishn/Documents/projects/Hackathon/my_firmware/craftiai_sentinel/build/CMakeFiles/3.30.2
Searching for files in directory C:/Users/vishn/Documents/projects/Hackathon/my_firmware/craftiai_sentinel/build/CMakeFiles/3.30.2/CompilerIdASM
Searching for files in directory C:/Users/vishn/Documents/projects/Hackathon/my_firmware/craftiai_sentinel/build/CMakeFiles/3.30.2/CompilerIdC
Searching for files in directory C:/Users/vishn/Documents/projects/Hackathon/my_firmware/craftiai_sentinel/build/CMakeFiles/3.30.2/CompilerIdC/tmp
Searching for files in directory C:/Users/vishn/Documents/projects/Hackathon/my_firmware/craftiai_sentinel/build/CMakeFiles/3.30.2/CompilerIdCXX
Searching for files in directory C:/Users/vishn/Documents/projects/Hackathon/my_firmware/craftiai_sentinel/build/CMakeFiles/3.30.2/CompilerIdCXX/tmp
Searching for files in directory C:/Users/vishn/Documents/projects/Hackathon/my_firmware/craftiai_sentinel/build/CMakeFiles/bootloader.dir
Searching for files in directory C:/Users/vishn/Documents/projects/Hackathon/my_firmware/craftiai_sentinel/build/CMakeFiles/craftiai_sentinel.elf.dir
Searching for files in directory C:/Users/vishn/Documents/projects/Hackathon/my_firmware/craftiai_sentinel/build/CMakeFiles/git-data
Searching for files in directory C:/Users/vishn/Documents/projects/Hackathon/my_firmware/craftiai_sentinel/build/CMakeFiles/pkgRedirects
Searching for files in directory C:/Users/vishn/Documents/projects/Hackathon/my_firmware/craftiai_sentinel/build/config
Searching for files in directory C:/Users/vishn/Documents/projects/Hackathon/my_firmware/craftiai_sentinel/build/esp-idf
Searching for files in directory C:/Users/vishn/Documents/projects/Hackathon/my_firmware/craftiai_sentinel/build/esp-idf/app_update
Searching for files in directory C:/Users/vishn/Documents/projects/Hackathon/my_firmware/craftiai_sentinel/build/esp-idf/app_update/CMakeFiles
Searching for files in directory C:/Users/vishn/Documents/projects/Hackathon/my_firmware/craftiai_sentinel/build/esp-idf/app_update/CMakeFiles/__idf_app_update.dir
Searching for files in directory C:/Users/vishn/Documents/projects/Hackathon/my_firmware/craftiai_sentinel/build/esp-idf/bootloader
Searching for files in directory C:/Users/vishn/Documents/projects/Hackathon/my_firmware/craftiai_sentinel/build/esp-idf/bootloader/CMakeFiles
Searching for files in directory C:/Users/vishn/Documents/projects/Hackathon/my_firmware/craftiai_sentinel/build/esp-idf/bootloader_support
Searching for files in directory C:/Users/vishn/Documents/projects/Hackathon/my_firmware/craftiai_sentinel/build/esp-idf/bootloader_support/CMakeFiles
Searching for files in directory C:/Users/vishn/Documents/projects/Hackathon/my_firmware/craftiai_sentinel/build/esp-idf/bootloader_support/CMakeFiles/__idf_bootloader_support.dir
Searching for files in directory C:/Users/vishn/Documents/projects/Hackathon/my_firmware/craftiai_sentinel/build/esp-idf/bootloader_support/CMakeFiles/__idf_bootloader_support.dir/bootloader_flash
Searching for files in directory C:/Users/vishn/Documents/projects/Hackathon/my_firmware/craftiai_sentinel/build/esp-idf/bootloader_support/CMakeFiles/__idf_bootloader_support.dir/bootloader_flash/src
Searching for files in directory C:/Users/vishn/Documents/projects/Hackathon/my_firmware/craftiai_sentinel/build/esp-idf/bootloader_support/CMakeFiles/__idf_bootloader_support.dir/src
Searching for files in directory C:/Users/vishn/Documents/projects/Hackathon/my_firmware/craftiai_sentinel/build/esp-idf/bootloader_support/CMakeFiles/__idf_bootloader_support.dir/src/esp32c3
Searching for files in directory C:/Users/vishn/Documents/projects/Hackathon/my_firmware/craftiai_sentinel/build/esp-idf/CMakeFiles
Searching for files in directory C:/Users/vishn/Documents/projects/Hackathon/my_firmware/craftiai_sentinel/build/esp-idf/cxx
Searching for files in directory C:/Users/vishn/Documents/projects/Hackathon/my_firmware/craftiai_sentinel/build/esp-idf/cxx/CMakeFiles
Searching for files in directory C:/Users/vishn/Documents/projects/Hackathon/my_firmware/craftiai_sentinel/build/esp-idf/cxx/CMakeFiles/__idf_cxx.dir
Searching for files in directory C:/Users/vishn/Documents/projects/Hackathon/my_firmware/craftiai_sentinel/build/esp-idf/efuse
Searching for files in directory C:/Users/vishn/Documents/projects/Hackathon/my_firmware/craftiai_sentinel/build/esp-idf/efuse/CMakeFiles
Searching for files in directory C:/Users/vishn/Documents/projects/Hackathon/my_firmware/craftiai_sentinel/build/esp-idf/efuse/CMakeFiles/__idf_efuse.dir
Searching for files in directory C:/Users/vishn/Documents/projects/Hackathon/my_firmware/craftiai_sentinel/build/esp-idf/efuse/CMakeFiles/__idf_efuse.dir/esp32c3
Searching for files in directory C:/Users/vishn/Documents/projects/Hackathon/my_firmware/craftiai_sentinel/build/esp-idf/efuse/CMakeFiles/__idf_efuse.dir/src
Searching for files in directory C:/Users/vishn/Documents/projects/Hackathon/my_firmware/craftiai_sentinel/build/esp-idf/efuse/CMakeFiles/__idf_efuse.dir/src/efuse_controller
Searching for files in directory C:/Users/vishn/Documents/projects/Hackathon/my_firmware/craftiai_sentinel/build/esp-idf/efuse/CMakeFiles/__idf_efuse.dir/src/efuse_controller/keys
Searching for files in directory C:/Users/vishn/Documents/projects/Hackathon/my_firmware/craftiai_sentinel/build/esp-idf/efuse/CMakeFiles/__idf_efuse.dir/src/efuse_controller/keys/with_key_purposes
Searching for files in directory C:/Users/vishn/Documents/projects/Hackathon/my_firmware/craftiai_sentinel/build/esp-idf/espressif__led_strip
Searching for files in directory C:/Users/vishn/Documents/projects/Hackathon/my_firmware/craftiai_sentinel/build/esp-idf/espressif__led_strip/CMakeFiles
Searching for files in directory C:/Users/vishn/Documents/projects/Hackathon/my_firmware/craftiai_sentinel/build/esp-idf/espressif__led_strip/CMakeFiles/__idf_espressif__led_strip.dir
Searching for files in directory C:/Users/vishn/Documents/projects/Hackathon/my_firmware/craftiai_sentinel/build/esp-idf/espressif__led_strip/CMakeFiles/__idf_espressif__led_strip.dir/src
Searching for files in directory C:/Users/vishn/Documents/projects/Hackathon/my_firmware/craftiai_sentinel/build/esp-idf/esptool_py
Searching for files in directory C:/Users/vishn/Documents/projects/Hackathon/my_firmware/craftiai_sentinel/build/esp-idf/esptool_py/CMakeFiles
Searching for files in directory C:/Users/vishn/Documents/projects/Hackathon/my_firmware/craftiai_sentinel/build/esp-idf/esp_app_format
Searching for files in directory C:/Users/vishn/Documents/projects/Hackathon/my_firmware/craftiai_sentinel/build/esp-idf/esp_app_format/CMakeFiles
Searching for files in directory C:/Users/vishn/Documents/projects/Hackathon/my_firmware/craftiai_sentinel/build/esp-idf/esp_app_format/CMakeFiles/__idf_esp_app_format.dir
Searching for files in directory C:/Users/vishn/Documents/projects/Hackathon/my_firmware/craftiai_sentinel/build/esp-idf/esp_bootloader_format
Searching for files in directory C:/Users/vishn/Documents/projects/Hackathon/my_firmware/craftiai_sentinel/build/esp-idf/esp_bootloader_format/CMakeFiles
Searching for files in directory C:/Users/vishn/Documents/projects/Hackathon/my_firmware/craftiai_sentinel/build/esp-idf/esp_bootloader_format/CMakeFiles/__idf_esp_bootloader_format.dir
Searching for files in directory C:/Users/vishn/Documents/projects/Hackathon/my_firmware/craftiai_sentinel/build/esp-idf/esp_coex
Searching for files in directory C:/Users/vishn/Documents/projects/Hackathon/my_firmware/craftiai_sentinel/build/esp-idf/esp_coex/CMakeFiles
Searching for files in directory C:/Users/vishn/Documents/projects/Hackathon/my_firmware/craftiai_sentinel/build/esp-idf/esp_coex/CMakeFiles/__idf_esp_coex.dir
Searching for files in directory C:/Users/vishn/Documents/projects/Hackathon/my_firmware/craftiai_sentinel/build/esp-idf/esp_coex/CMakeFiles/__idf_esp_coex.dir/esp32c3
Searching for files in directory C:/Users/vishn/Documents/projects/Hackathon/my_firmware/craftiai_sentinel/build/esp-idf/esp_coex/CMakeFiles/__idf_esp_coex.dir/src
Searching for files in directory C:/Users/vishn/Documents/projects/Hackathon/my_firmware/craftiai_sentinel/build/esp-idf/esp_common
Searching for files in directory C:/Users/vishn/Documents/projects/Hackathon/my_firmware/craftiai_sentinel/build/esp-idf/esp_common/CMakeFiles
Searching for files in directory C:/Users/vishn/Documents/projects/Hackathon/my_firmware/craftiai_sentinel/build/esp-idf/esp_common/CMakeFiles/__idf_esp_common.dir
Searching for files in directory C:/Users/vishn/Documents/projects/Hackathon/my_firmware/craftiai_sentinel/build/esp-idf/esp_common/CMakeFiles/__idf_esp_common.dir/src
Searching for files in directory C:/Users/vishn/Documents/projects/Hackathon/my_firmware/craftiai_sentinel/build/esp-idf/esp_driver_bitscrambler
Searching for files in directory C:/Users/vishn/Documents/projects/Hackathon/my_firmware/craftiai_sentinel/build/esp-idf/esp_driver_bitscrambler/CMakeFiles
Searching for files in directory C:/Users/vishn/Documents/projects/Hackathon/my_firmware/craftiai_sentinel/build/esp-idf/esp_driver_gpio
Searching for files in directory C:/Users/vishn/Documents/projects/Hackathon/my_firmware/craftiai_sentinel/build/esp-idf/esp_driver_gpio/CMakeFiles
Searching for files in directory C:/Users/vishn/Documents/projects/Hackathon/my_firmware/craftiai_sentinel/build/esp-idf/esp_driver_gpio/CMakeFiles/__idf_esp_driver_gpio.dir
Searching for files in directory C:/Users/vishn/Documents/projects/Hackathon/my_firmware/craftiai_sentinel/build/esp-idf/esp_driver_gpio/CMakeFiles/__idf_esp_driver_gpio.dir/src
Searching for files in directory C:/Users/vishn/Documents/projects/Hackathon/my_firmware/craftiai_sentinel/build/esp-idf/esp_driver_i2c
Searching for files in directory C:/Users/vishn/Documents/projects/Hackathon/my_firmware/craftiai_sentinel/build/esp-idf/esp_driver_i2c/CMakeFiles
Searching for files in directory C:/Users/vishn/Documents/projects/Hackathon/my_firmware/craftiai_sentinel/build/esp-idf/esp_driver_i2c/CMakeFiles/__idf_esp_driver_i2c.dir
Searching for files in directory C:/Users/vishn/Documents/projects/Hackathon/my_firmware/craftiai_sentinel/build/esp-idf/esp_driver_rmt
Searching for files in directory C:/Users/vishn/Documents/projects/Hackathon/my_firmware/craftiai_sentinel/build/esp-idf/esp_driver_rmt/CMakeFiles
Searching for files in directory C:/Users/vishn/Documents/projects/Hackathon/my_firmware/craftiai_sentinel/build/esp-idf/esp_driver_rmt/CMakeFiles/__idf_esp_driver_rmt.dir
Searching for files in directory C:/Users/vishn/Documents/projects/Hackathon/my_firmware/craftiai_sentinel/build/esp-idf/esp_driver_rmt/CMakeFiles/__idf_esp_driver_rmt.dir/src
Searching for files in directory C:/Users/vishn/Documents/projects/Hackathon/my_firmware/craftiai_sentinel/build/esp-idf/esp_driver_spi
Searching for files in directory C:/Users/vishn/Documents/projects/Hackathon/my_firmware/craftiai_sentinel/build/esp-idf/esp_driver_spi/CMakeFiles
Searching for files in directory C:/Users/vishn/Documents/projects/Hackathon/my_firmware/craftiai_sentinel/build/esp-idf/esp_driver_spi/CMakeFiles/__idf_esp_driver_spi.dir
Searching for files in directory C:/Users/vishn/Documents/projects/Hackathon/my_firmware/craftiai_sentinel/build/esp-idf/esp_driver_spi/CMakeFiles/__idf_esp_driver_spi.dir/src
Searching for files in directory C:/Users/vishn/Documents/projects/Hackathon/my_firmware/craftiai_sentinel/build/esp-idf/esp_driver_spi/CMakeFiles/__idf_esp_driver_spi.dir/src/gpspi
Searching for files in directory C:/Users/vishn/Documents/projects/Hackathon/my_firmware/craftiai_sentinel/build/esp-idf/esp_driver_uart
Searching for files in directory C:/Users/vishn/Documents/projects/Hackathon/my_firmware/craftiai_sentinel/build/esp-idf/esp_driver_uart/CMakeFiles
Searching for files in directory C:/Users/vishn/Documents/projects/Hackathon/my_firmware/craftiai_sentinel/build/esp-idf/esp_driver_uart/CMakeFiles/__idf_esp_driver_uart.dir
Searching for files in directory C:/Users/vishn/Documents/projects/Hackathon/my_firmware/craftiai_sentinel/build/esp-idf/esp_driver_uart/CMakeFiles/__idf_esp_driver_uart.dir/src
Searching for files in directory C:/Users/vishn/Documents/projects/Hackathon/my_firmware/craftiai_sentinel/build/esp-idf/esp_driver_usb_serial_jtag
Searching for files in directory C:/Users/vishn/Documents/projects/Hackathon/my_firmware/craftiai_sentinel/build/esp-idf/esp_driver_usb_serial_jtag/CMakeFiles
Searching for files in directory C:/Users/vishn/Documents/projects/Hackathon/my_firmware/craftiai_sentinel/build/esp-idf/esp_driver_usb_serial_jtag/CMakeFiles/__idf_esp_driver_usb_serial_jtag.dir
Searching for files in directory C:/Users/vishn/Documents/projects/Hackathon/my_firmware/craftiai_sentinel/build/esp-idf/esp_driver_usb_serial_jtag/CMakeFiles/__idf_esp_driver_usb_serial_jtag.dir/src
Searching for files in directory C:/Users/vishn/Documents/projects/Hackathon/my_firmware/craftiai_sentinel/build/esp-idf/esp_event
Searching for files in directory C:/Users/vishn/Documents/projects/Hackathon/my_firmware/craftiai_sentinel/build/esp-idf/esp_event/CMakeFiles
Searching for files in directory C:/Users/vishn/Documents/projects/Hackathon/my_firmware/craftiai_sentinel/build/esp-idf/esp_event/CMakeFiles/__idf_esp_event.dir
Searching for files in directory C:/Users/vishn/Documents/projects/Hackathon/my_firmware/craftiai_sentinel/build/esp-idf/esp_http_server
Searching for files in directory C:/Users/vishn/Documents/projects/Hackathon/my_firmware/craftiai_sentinel/build/esp-idf/esp_http_server/CMakeFiles
Searching for files in directory C:/Users/vishn/Documents/projects/Hackathon/my_firmware/craftiai_sentinel/build/esp-idf/esp_http_server/CMakeFiles/__idf_esp_http_server.dir
Searching for files in directory C:/Users/vishn/Documents/projects/Hackathon/my_firmware/craftiai_sentinel/build/esp-idf/esp_http_server/CMakeFiles/__idf_esp_http_server.dir/src
Searching for files in directory C:/Users/vishn/Documents/projects/Hackathon/my_firmware/craftiai_sentinel/build/esp-idf/esp_http_server/CMakeFiles/__idf_esp_http_server.dir/src/util
Searching for files in directory C:/Users/vishn/Documents/projects/Hackathon/my_firmware/craftiai_sentinel/build/esp-idf/esp_hw_support
Searching for files in directory C:/Users/vishn/Documents/projects/Hackathon/my_firmware/craftiai_sentinel/build/esp-idf/esp_hw_support/CMakeFiles
Searching for files in directory C:/Users/vishn/Documents/projects/Hackathon/my_firmware/craftiai_sentinel/build/esp-idf/esp_hw_support/CMakeFiles/__idf_esp_hw_support.dir
Searching for files in directory C:/Users/vishn/Documents/projects/Hackathon/my_firmware/craftiai_sentinel/build/esp-idf/esp_hw_support/CMakeFiles/__idf_esp_hw_support.dir/deprecated
Searching for files in directory C:/Users/vishn/Documents/projects/Hackathon/my_firmware/craftiai_sentinel/build/esp-idf/esp_hw_support/CMakeFiles/__idf_esp_hw_support.dir/dma
Searching for files in directory C:/Users/vishn/Documents/projects/Hackathon/my_firmware/craftiai_sentinel/build/esp-idf/esp_hw_support/CMakeFiles/__idf_esp_hw_support.dir/lowpower
Searching for files in directory C:/Users/vishn/Documents/projects/Hackathon/my_firmware/craftiai_sentinel/build/esp-idf/esp_hw_support/CMakeFiles/__idf_esp_hw_support.dir/lowpower/port
Searching for files in directory C:/Users/vishn/Documents/projects/Hackathon/my_firmware/craftiai_sentinel/build/esp-idf/esp_hw_support/CMakeFiles/__idf_esp_hw_support.dir/lowpower/port/esp32c3
Searching for files in directory C:/Users/vishn/Documents/projects/Hackathon/my_firmware/craftiai_sentinel/build/esp-idf/esp_hw_support/CMakeFiles/__idf_esp_hw_support.dir/mspi_timing_tuning
Searching for files in directory C:/Users/vishn/Documents/projects/Hackathon/my_firmware/craftiai_sentinel/build/esp-idf/esp_hw_support/CMakeFiles/__idf_esp_hw_support.dir/port
Searching for files in directory C:/Users/vishn/Documents/projects/Hackathon/my_firmware/craftiai_sentinel/build/esp-idf/esp_hw_support/CMakeFiles/__idf_esp_hw_support.dir/port/esp32c3
Searching for files in directory C:/Users/vishn/Documents/projects/Hackathon/my_firmware/craftiai_sentinel/build/esp-idf/esp_hw_support/CMakeFiles/__idf_esp_hw_support.dir/power_supply
Searching for files in directory C:/Users/vishn/Documents/projects/Hackathon/my_firmware/craftiai_sentinel/build/esp-idf/esp_hw_support/lowpower
Searching for files in directory C:/Users/vishn/Documents/projects/Hackathon/my_firmware/craftiai_sentinel/build/esp-idf/esp_hw_support/lowpower/CMakeFiles
Searching for files in directory C:/Users/vishn/Documents/projects/Hackathon/my_firmware/craftiai_sentinel/build/esp-idf/esp_hw_support/port
Searching for files in directory C:/Users/vishn/Documents/projects/Hackathon/my_firmware/craftiai_sentinel/build/esp-idf/esp_hw_support/port/esp32c3
Searching for files in directory C:/Users/vishn/Documents/projects/Hackathon/my_firmware/craftiai_sentinel/build/esp-idf/esp_hw_support/port/esp32c3/CMakeFiles
Searching for files in directory C:/Users/vishn/Documents/projects/Hackathon/my_firmware/craftiai_sentinel/build/esp-idf/esp_mm
Searching for files in directory C:/Users/vishn/Documents/projects/Hackathon/my_firmware/craftiai_sentinel/build/esp-idf/esp_mm/CMakeFiles
Searching for files in directory C:/Users/vishn/Documents/projects/Hackathon/my_firmware/craftiai_sentinel/build/esp-idf/esp_mm/CMakeFiles/__idf_esp_mm.dir
Searching for files in directory C:/Users/vishn/Documents/projects/Hackathon/my_firmware/craftiai_sentinel/build/esp-idf/esp_mm/CMakeFiles/__idf_esp_mm.dir/port
Searching for files in directory C:/Users/vishn/Documents/projects/Hackathon/my_firmware/craftiai_sentinel/build/esp-idf/esp_mm/CMakeFiles/__idf_esp_mm.dir/port/esp32c3
Searching for files in directory C:/Users/vishn/Documents/projects/Hackathon/my_firmware/craftiai_sentinel/build/esp-idf/esp_netif
Searching for files in directory C:/Users/vishn/Documents/projects/Hackathon/my_firmware/craftiai_sentinel/build/esp-idf/esp_netif/CMakeFiles
Searching for files in directory C:/Users/vishn/Documents/projects/Hackathon/my_firmware/craftiai_sentinel/build/esp-idf/esp_netif/CMakeFiles/__idf_esp_netif.dir
Searching for files in directory C:/Users/vishn/Documents/projects/Hackathon/my_firmware/craftiai_sentinel/build/esp-idf/esp_netif/CMakeFiles/__idf_esp_netif.dir/lwip
Searching for files in directory C:/Users/vishn/Documents/projects/Hackathon/my_firmware/craftiai_sentinel/build/esp-idf/esp_netif/CMakeFiles/__idf_esp_netif.dir/lwip/netif
Searching for files in directory C:/Users/vishn/Documents/projects/Hackathon/my_firmware/craftiai_sentinel/build/esp-idf/esp_netif_stack
Searching for files in directory C:/Users/vishn/Documents/projects/Hackathon/my_firmware/craftiai_sentinel/build/esp-idf/esp_netif_stack/CMakeFiles
Searching for files in directory C:/Users/vishn/Documents/projects/Hackathon/my_firmware/craftiai_sentinel/build/esp-idf/esp_partition
Searching for files in directory C:/Users/vishn/Documents/projects/Hackathon/my_firmware/craftiai_sentinel/build/esp-idf/esp_partition/CMakeFiles
Searching for files in directory C:/Users/vishn/Documents/projects/Hackathon/my_firmware/craftiai_sentinel/build/esp-idf/esp_partition/CMakeFiles/__idf_esp_partition.dir
Searching for files in directory C:/Users/vishn/Documents/projects/Hackathon/my_firmware/craftiai_sentinel/build/esp-idf/esp_phy
Searching for files in directory C:/Users/vishn/Documents/projects/Hackathon/my_firmware/craftiai_sentinel/build/esp-idf/esp_phy/CMakeFiles
Searching for files in directory C:/Users/vishn/Documents/projects/Hackathon/my_firmware/craftiai_sentinel/build/esp-idf/esp_phy/CMakeFiles/__idf_esp_phy.dir
Searching for files in directory C:/Users/vishn/Documents/projects/Hackathon/my_firmware/craftiai_sentinel/build/esp-idf/esp_phy/CMakeFiles/__idf_esp_phy.dir/esp32c3
Searching for files in directory C:/Users/vishn/Documents/projects/Hackathon/my_firmware/craftiai_sentinel/build/esp-idf/esp_phy/CMakeFiles/__idf_esp_phy.dir/src
Searching for files in directory C:/Users/vishn/Documents/projects/Hackathon/my_firmware/craftiai_sentinel/build/esp-idf/esp_pm
Searching for files in directory C:/Users/vishn/Documents/projects/Hackathon/my_firmware/craftiai_sentinel/build/esp-idf/esp_pm/CMakeFiles
Searching for files in directory C:/Users/vishn/Documents/projects/Hackathon/my_firmware/craftiai_sentinel/build/esp-idf/esp_pm/CMakeFiles/__idf_esp_pm.dir
Searching for files in directory C:/Users/vishn/Documents/projects/Hackathon/my_firmware/craftiai_sentinel/build/esp-idf/esp_ringbuf
Searching for files in directory C:/Users/vishn/Documents/projects/Hackathon/my_firmware/craftiai_sentinel/build/esp-idf/esp_ringbuf/CMakeFiles
Searching for files in directory C:/Users/vishn/Documents/projects/Hackathon/my_firmware/craftiai_sentinel/build/esp-idf/esp_ringbuf/CMakeFiles/__idf_esp_ringbuf.dir
Searching for files in directory C:/Users/vishn/Documents/projects/Hackathon/my_firmware/craftiai_sentinel/build/esp-idf/esp_rom
Searching for files in directory C:/Users/vishn/Documents/projects/Hackathon/my_firmware/craftiai_sentinel/build/esp-idf/esp_rom/CMakeFiles
Searching for files in directory C:/Users/vishn/Documents/projects/Hackathon/my_firmware/craftiai_sentinel/build/esp-idf/esp_rom/CMakeFiles/__idf_esp_rom.dir
Searching for files in directory C:/Users/vishn/Documents/projects/Hackathon/my_firmware/craftiai_sentinel/build/esp-idf/esp_rom/CMakeFiles/__idf_esp_rom.dir/patches
Searching for files in directory C:/Users/vishn/Documents/projects/Hackathon/my_firmware/craftiai_sentinel/build/esp-idf/esp_security
Searching for files in directory C:/Users/vishn/Documents/projects/Hackathon/my_firmware/craftiai_sentinel/build/esp-idf/esp_security/CMakeFiles
Searching for files in directory C:/Users/vishn/Documents/projects/Hackathon/my_firmware/craftiai_sentinel/build/esp-idf/esp_security/CMakeFiles/__idf_esp_security.dir
Searching for files in directory C:/Users/vishn/Documents/projects/Hackathon/my_firmware/craftiai_sentinel/build/esp-idf/esp_security/CMakeFiles/__idf_esp_security.dir/src
Searching for files in directory C:/Users/vishn/Documents/projects/Hackathon/my_firmware/craftiai_sentinel/build/esp-idf/esp_system
Searching for files in directory C:/Users/vishn/Documents/projects/Hackathon/my_firmware/craftiai_sentinel/build/esp-idf/esp_system/CMakeFiles
Searching for files in directory C:/Users/vishn/Documents/projects/Hackathon/my_firmware/craftiai_sentinel/build/esp-idf/esp_system/CMakeFiles/__idf_esp_system.dir
Searching for files in directory C:/Users/vishn/Documents/projects/Hackathon/my_firmware/craftiai_sentinel/build/esp-idf/esp_system/CMakeFiles/__idf_esp_system.dir/port
Searching for files in directory C:/Users/vishn/Documents/projects/Hackathon/my_firmware/craftiai_sentinel/build/esp-idf/esp_system/CMakeFiles/__idf_esp_system.dir/port/arch
Searching for files in directory C:/Users/vishn/Documents/projects/Hackathon/my_firmware/craftiai_sentinel/build/esp-idf/esp_system/CMakeFiles/__idf_esp_system.dir/port/arch/riscv
Searching for files in directory C:/Users/vishn/Documents/projects/Hackathon/my_firmware/craftiai_sentinel/build/esp-idf/esp_system/CMakeFiles/__idf_esp_system.dir/port/soc
Searching for files in directory C:/Users/vishn/Documents/projects/Hackathon/my_firmware/craftiai_sentinel/build/esp-idf/esp_system/CMakeFiles/__idf_esp_system.dir/port/soc/esp32c3
Searching for files in directory C:/Users/vishn/Documents/projects/Hackathon/my_firmware/craftiai_sentinel/build/esp-idf/esp_system/CMakeFiles/__idf_esp_system.dir/task_wdt
Searching for files in directory C:/Users/vishn/Documents/projects/Hackathon/my_firmware/craftiai_sentinel/build/esp-idf/esp_system/ld
Searching for files in directory C:/Users/vishn/Documents/projects/Hackathon/my_firmware/craftiai_sentinel/build/esp-idf/esp_system/port
Searching for files in directory C:/Users/vishn/Documents/projects/Hackathon/my_firmware/craftiai_sentinel/build/esp-idf/esp_system/port/CMakeFiles
Searching for files in directory C:/Users/vishn/Documents/projects/Hackathon/my_firmware/craftiai_sentinel/build/esp-idf/esp_system/port/soc
Searching for files in directory C:/Users/vishn/Documents/projects/Hackathon/my_firmware/craftiai_sentinel/build/esp-idf/esp_system/port/soc/esp32c3
Searching for files in directory C:/Users/vishn/Documents/projects/Hackathon/my_firmware/craftiai_sentinel/build/esp-idf/esp_system/port/soc/esp32c3/CMakeFiles
Searching for files in directory C:/Users/vishn/Documents/projects/Hackathon/my_firmware/craftiai_sentinel/build/esp-idf/esp_timer
Searching for files in directory C:/Users/vishn/Documents/projects/Hackathon/my_firmware/craftiai_sentinel/build/esp-idf/esp_timer/CMakeFiles
Searching for files in directory C:/Users/vishn/Documents/projects/Hackathon/my_firmware/craftiai_sentinel/build/esp-idf/esp_timer/CMakeFiles/__idf_esp_timer.dir
Searching for files in directory C:/Users/vishn/Documents/projects/Hackathon/my_firmware/craftiai_sentinel/build/esp-idf/esp_timer/CMakeFiles/__idf_esp_timer.dir/src
Searching for files in directory C:/Users/vishn/Documents/projects/Hackathon/my_firmware/craftiai_sentinel/build/esp-idf/esp_vfs_console
Searching for files in directory C:/Users/vishn/Documents/projects/Hackathon/my_firmware/craftiai_sentinel/build/esp-idf/esp_vfs_console/CMakeFiles
Searching for files in directory C:/Users/vishn/Documents/projects/Hackathon/my_firmware/craftiai_sentinel/build/esp-idf/esp_vfs_console/CMakeFiles/__idf_esp_vfs_console.dir
Searching for files in directory C:/Users/vishn/Documents/projects/Hackathon/my_firmware/craftiai_sentinel/build/esp-idf/esp_wifi
Searching for files in directory C:/Users/vishn/Documents/projects/Hackathon/my_firmware/craftiai_sentinel/build/esp-idf/esp_wifi/CMakeFiles
Searching for files in directory C:/Users/vishn/Documents/projects/Hackathon/my_firmware/craftiai_sentinel/build/esp-idf/esp_wifi/CMakeFiles/__idf_esp_wifi.dir
Searching for files in directory C:/Users/vishn/Documents/projects/Hackathon/my_firmware/craftiai_sentinel/build/esp-idf/esp_wifi/CMakeFiles/__idf_esp_wifi.dir/esp32c3
Searching for files in directory C:/Users/vishn/Documents/projects/Hackathon/my_firmware/craftiai_sentinel/build/esp-idf/esp_wifi/CMakeFiles/__idf_esp_wifi.dir/regulatory
Searching for files in directory C:/Users/vishn/Documents/projects/Hackathon/my_firmware/craftiai_sentinel/build/esp-idf/esp_wifi/CMakeFiles/__idf_esp_wifi.dir/src
Searching for files in directory C:/Users/vishn/Documents/projects/Hackathon/my_firmware/craftiai_sentinel/build/esp-idf/firmgen_telemetry
Searching for files in directory C:/Users/vishn/Documents/projects/Hackathon/my_firmware/craftiai_sentinel/build/esp-idf/firmgen_telemetry/CMakeFiles
Searching for files in directory C:/Users/vishn/Documents/projects/Hackathon/my_firmware/craftiai_sentinel/build/esp-idf/firmgen_telemetry/CMakeFiles/__idf_firmgen_telemetry.dir
Searching for files in directory C:/Users/vishn/Documents/projects/Hackathon/my_firmware/craftiai_sentinel/build/esp-idf/freertos
Searching for files in directory C:/Users/vishn/Documents/projects/Hackathon/my_firmware/craftiai_sentinel/build/esp-idf/freertos/CMakeFiles
Searching for files in directory C:/Users/vishn/Documents/projects/Hackathon/my_firmware/craftiai_sentinel/build/esp-idf/freertos/CMakeFiles/__idf_freertos.dir
Searching for files in directory C:/Users/vishn/Documents/projects/Hackathon/my_firmware/craftiai_sentinel/build/esp-idf/freertos/CMakeFiles/__idf_freertos.dir/esp_additions
Searching for files in directory C:/Users/vishn/Documents/projects/Hackathon/my_firmware/craftiai_sentinel/build/esp-idf/freertos/CMakeFiles/__idf_freertos.dir/FreeRTOS-Kernel
Searching for files in directory C:/Users/vishn/Documents/projects/Hackathon/my_firmware/craftiai_sentinel/build/esp-idf/freertos/CMakeFiles/__idf_freertos.dir/FreeRTOS-Kernel/portable
Searching for files in directory C:/Users/vishn/Documents/projects/Hackathon/my_firmware/craftiai_sentinel/build/esp-idf/freertos/CMakeFiles/__idf_freertos.dir/FreeRTOS-Kernel/portable/riscv
Searching for files in directory C:/Users/vishn/Documents/projects/Hackathon/my_firmware/craftiai_sentinel/build/esp-idf/hal
Searching for files in directory C:/Users/vishn/Documents/projects/Hackathon/my_firmware/craftiai_sentinel/build/esp-idf/hal/CMakeFiles
Searching for files in directory C:/Users/vishn/Documents/projects/Hackathon/my_firmware/craftiai_sentinel/build/esp-idf/hal/CMakeFiles/__idf_hal.dir
Searching for files in directory C:/Users/vishn/Documents/projects/Hackathon/my_firmware/craftiai_sentinel/build/esp-idf/hal/CMakeFiles/__idf_hal.dir/esp32c3
Searching for files in directory C:/Users/vishn/Documents/projects/Hackathon/my_firmware/craftiai_sentinel/build/esp-idf/heap
Searching for files in directory C:/Users/vishn/Documents/projects/Hackathon/my_firmware/craftiai_sentinel/build/esp-idf/heap/CMakeFiles
Searching for files in directory C:/Users/vishn/Documents/projects/Hackathon/my_firmware/craftiai_sentinel/build/esp-idf/heap/CMakeFiles/__idf_heap.dir
Searching for files in directory C:/Users/vishn/Documents/projects/Hackathon/my_firmware/craftiai_sentinel/build/esp-idf/heap/CMakeFiles/__idf_heap.dir/port
Searching for files in directory C:/Users/vishn/Documents/projects/Hackathon/my_firmware/craftiai_sentinel/build/esp-idf/heap/CMakeFiles/__idf_heap.dir/port/esp32c3
Searching for files in directory C:/Users/vishn/Documents/projects/Hackathon/my_firmware/craftiai_sentinel/build/esp-idf/heap/CMakeFiles/__idf_heap.dir/tlsf
Searching for files in directory C:/Users/vishn/Documents/projects/Hackathon/my_firmware/craftiai_sentinel/build/esp-idf/http_parser
Searching for files in directory C:/Users/vishn/Documents/projects/Hackathon/my_firmware/craftiai_sentinel/build/esp-idf/http_parser/CMakeFiles
Searching for files in directory C:/Users/vishn/Documents/projects/Hackathon/my_firmware/craftiai_sentinel/build/esp-idf/http_parser/CMakeFiles/__idf_http_parser.dir
Searching for files in directory C:/Users/vishn/Documents/projects/Hackathon/my_firmware/craftiai_sentinel/build/esp-idf/log
Searching for files in directory C:/Users/vishn/Documents/projects/Hackathon/my_firmware/craftiai_sentinel/build/esp-idf/log/CMakeFiles
Searching for files in directory C:/Users/vishn/Documents/projects/Hackathon/my_firmware/craftiai_sentinel/build/esp-idf/log/CMakeFiles/__idf_log.dir
Searching for files in directory C:/Users/vishn/Documents/projects/Hackathon/my_firmware/craftiai_sentinel/build/esp-idf/log/CMakeFiles/__idf_log.dir/src
Searching for files in directory C:/Users/vishn/Documents/projects/Hackathon/my_firmware/craftiai_sentinel/build/esp-idf/log/CMakeFiles/__idf_log.dir/src/buffer
Searching for files in directory C:/Users/vishn/Documents/projects/Hackathon/my_firmware/craftiai_sentinel/build/esp-idf/log/CMakeFiles/__idf_log.dir/src/log_level
Searching for files in directory C:/Users/vishn/Documents/projects/Hackathon/my_firmware/craftiai_sentinel/build/esp-idf/log/CMakeFiles/__idf_log.dir/src/log_level/tag_log_level
Searching for files in directory C:/Users/vishn/Documents/projects/Hackathon/my_firmware/craftiai_sentinel/build/esp-idf/log/CMakeFiles/__idf_log.dir/src/log_level/tag_log_level/cache
Searching for files in directory C:/Users/vishn/Documents/projects/Hackathon/my_firmware/craftiai_sentinel/build/esp-idf/log/CMakeFiles/__idf_log.dir/src/log_level/tag_log_level/linked_list
Searching for files in directory C:/Users/vishn/Documents/projects/Hackathon/my_firmware/craftiai_sentinel/build/esp-idf/log/CMakeFiles/__idf_log.dir/src/os
Searching for files in directory C:/Users/vishn/Documents/projects/Hackathon/my_firmware/craftiai_sentinel/build/esp-idf/lwip
Searching for files in directory C:/Users/vishn/Documents/projects/Hackathon/my_firmware/craftiai_sentinel/build/esp-idf/lwip/CMakeFiles
Searching for files in directory C:/Users/vishn/Documents/projects/Hackathon/my_firmware/craftiai_sentinel/build/esp-idf/lwip/CMakeFiles/__idf_lwip.dir
Searching for files in directory C:/Users/vishn/Documents/projects/Hackathon/my_firmware/craftiai_sentinel/build/esp-idf/lwip/CMakeFiles/__idf_lwip.dir/apps
Searching for files in directory C:/Users/vishn/Documents/projects/Hackathon/my_firmware/craftiai_sentinel/build/esp-idf/lwip/CMakeFiles/__idf_lwip.dir/apps/dhcpserver
Searching for files in directory C:/Users/vishn/Documents/projects/Hackathon/my_firmware/craftiai_sentinel/build/esp-idf/lwip/CMakeFiles/__idf_lwip.dir/apps/ping
Searching for files in directory C:/Users/vishn/Documents/projects/Hackathon/my_firmware/craftiai_sentinel/build/esp-idf/lwip/CMakeFiles/__idf_lwip.dir/apps/sntp
Searching for files in directory C:/Users/vishn/Documents/projects/Hackathon/my_firmware/craftiai_sentinel/build/esp-idf/lwip/CMakeFiles/__idf_lwip.dir/lwip
Searching for files in directory C:/Users/vishn/Documents/projects/Hackathon/my_firmware/craftiai_sentinel/build/esp-idf/lwip/CMakeFiles/__idf_lwip.dir/lwip/src
Searching for files in directory C:/Users/vishn/Documents/projects/Hackathon/my_firmware/craftiai_sentinel/build/esp-idf/lwip/CMakeFiles/__idf_lwip.dir/lwip/src/api
Searching for files in directory C:/Users/vishn/Documents/projects/Hackathon/my_firmware/craftiai_sentinel/build/esp-idf/lwip/CMakeFiles/__idf_lwip.dir/lwip/src/apps
Searching for files in directory C:/Users/vishn/Documents/projects/Hackathon/my_firmware/craftiai_sentinel/build/esp-idf/lwip/CMakeFiles/__idf_lwip.dir/lwip/src/apps/netbiosns
Searching for files in directory C:/Users/vishn/Documents/projects/Hackathon/my_firmware/craftiai_sentinel/build/esp-idf/lwip/CMakeFiles/__idf_lwip.dir/lwip/src/apps/sntp
Searching for files in directory C:/Users/vishn/Documents/projects/Hackathon/my_firmware/craftiai_sentinel/build/esp-idf/lwip/CMakeFiles/__idf_lwip.dir/lwip/src/core
Searching for files in directory C:/Users/vishn/Documents/projects/Hackathon/my_firmware/craftiai_sentinel/build/esp-idf/lwip/CMakeFiles/__idf_lwip.dir/lwip/src/core/ipv4
Searching for files in directory C:/Users/vishn/Documents/projects/Hackathon/my_firmware/craftiai_sentinel/build/esp-idf/lwip/CMakeFiles/__idf_lwip.dir/lwip/src/core/ipv6
Searching for files in directory C:/Users/vishn/Documents/projects/Hackathon/my_firmware/craftiai_sentinel/build/esp-idf/lwip/CMakeFiles/__idf_lwip.dir/lwip/src/netif
Searching for files in directory C:/Users/vishn/Documents/projects/Hackathon/my_firmware/craftiai_sentinel/build/esp-idf/lwip/CMakeFiles/__idf_lwip.dir/lwip/src/netif/ppp
Searching for files in directory C:/Users/vishn/Documents/projects/Hackathon/my_firmware/craftiai_sentinel/build/esp-idf/lwip/CMakeFiles/__idf_lwip.dir/lwip/src/netif/ppp/polarssl
Searching for files in directory C:/Users/vishn/Documents/projects/Hackathon/my_firmware/craftiai_sentinel/build/esp-idf/lwip/CMakeFiles/__idf_lwip.dir/port
Searching for files in directory C:/Users/vishn/Documents/projects/Hackathon/my_firmware/craftiai_sentinel/build/esp-idf/lwip/CMakeFiles/__idf_lwip.dir/port/debug
Searching for files in directory C:/Users/vishn/Documents/projects/Hackathon/my_firmware/craftiai_sentinel/build/esp-idf/lwip/CMakeFiles/__idf_lwip.dir/port/esp32xx
Searching for files in directory C:/Users/vishn/Documents/projects/Hackathon/my_firmware/craftiai_sentinel/build/esp-idf/lwip/CMakeFiles/__idf_lwip.dir/port/freertos
Searching for files in directory C:/Users/vishn/Documents/projects/Hackathon/my_firmware/craftiai_sentinel/build/esp-idf/lwip/CMakeFiles/__idf_lwip.dir/port/hooks
Searching for files in directory C:/Users/vishn/Documents/projects/Hackathon/my_firmware/craftiai_sentinel/build/esp-idf/main
Searching for files in directory C:/Users/vishn/Documents/projects/Hackathon/my_firmware/craftiai_sentinel/build/esp-idf/main/CMakeFiles
Searching for files in directory C:/Users/vishn/Documents/projects/Hackathon/my_firmware/craftiai_sentinel/build/esp-idf/main/CMakeFiles/__idf_main.dir
Searching for files in directory C:/Users/vishn/Documents/projects/Hackathon/my_firmware/craftiai_sentinel/build/esp-idf/main/CMakeFiles/__idf_main.dir/__
Searching for files in directory C:/Users/vishn/Documents/projects/Hackathon/my_firmware/craftiai_sentinel/build/esp-idf/main/CMakeFiles/__idf_main.dir/__/firmware
Searching for files in directory C:/Users/vishn/Documents/projects/Hackathon/my_firmware/craftiai_sentinel/build/esp-idf/main/CMakeFiles/__idf_main.dir/__/firmware/app
Searching for files in directory C:/Users/vishn/Documents/projects/Hackathon/my_firmware/craftiai_sentinel/build/esp-idf/main/CMakeFiles/__idf_main.dir/__/firmware/platforms
Searching for files in directory C:/Users/vishn/Documents/projects/Hackathon/my_firmware/craftiai_sentinel/build/esp-idf/main/CMakeFiles/__idf_main.dir/__/firmware/platforms/esp32
Searching for files in directory C:/Users/vishn/Documents/projects/Hackathon/my_firmware/craftiai_sentinel/build/esp-idf/main/CMakeFiles/__idf_main.dir/__/firmware/services
Searching for files in directory C:/Users/vishn/Documents/projects/Hackathon/my_firmware/craftiai_sentinel/build/esp-idf/main/CMakeFiles/__idf_main.dir/__/firmware/utils
Searching for files in directory C:/Users/vishn/Documents/projects/Hackathon/my_firmware/craftiai_sentinel/build/esp-idf/main/CMakeFiles/__idf_main.dir/__/firmware/utils/helpers
Searching for files in directory C:/Users/vishn/Documents/projects/Hackathon/my_firmware/craftiai_sentinel/build/esp-idf/main/CMakeFiles/__idf_main.dir/__/firmware/utils/logger
Searching for files in directory C:/Users/vishn/Documents/projects/Hackathon/my_firmware/craftiai_sentinel/build/esp-idf/mbedtls
Searching for files in directory C:/Users/vishn/Documents/projects/Hackathon/my_firmware/craftiai_sentinel/build/esp-idf/mbedtls/CMakeFiles
Searching for files in directory C:/Users/vishn/Documents/projects/Hackathon/my_firmware/craftiai_sentinel/build/esp-idf/mbedtls/CMakeFiles/__idf_mbedtls.dir
Searching for files in directory C:/Users/vishn/Documents/projects/Hackathon/my_firmware/craftiai_sentinel/build/esp-idf/mbedtls/CMakeFiles/__idf_mbedtls.dir/esp_crt_bundle
Searching for files in directory C:/Users/vishn/Documents/projects/Hackathon/my_firmware/craftiai_sentinel/build/esp-idf/mbedtls/CMakeFiles/__idf_mbedtls.dir/__
Searching for files in directory C:/Users/vishn/Documents/projects/Hackathon/my_firmware/craftiai_sentinel/build/esp-idf/mbedtls/CMakeFiles/__idf_mbedtls.dir/__/__
Searching for files in directory C:/Users/vishn/Documents/projects/Hackathon/my_firmware/craftiai_sentinel/build/esp-idf/mbedtls/mbedtls
Searching for files in directory C:/Users/vishn/Documents/projects/Hackathon/my_firmware/craftiai_sentinel/build/esp-idf/mbedtls/mbedtls/3rdparty
Searching for files in directory C:/Users/vishn/Documents/projects/Hackathon/my_firmware/craftiai_sentinel/build/esp-idf/mbedtls/mbedtls/3rdparty/CMakeFiles
Searching for files in directory C:/Users/vishn/Documents/projects/Hackathon/my_firmware/craftiai_sentinel/build/esp-idf/mbedtls/mbedtls/3rdparty/everest
Searching for files in directory C:/Users/vishn/Documents/projects/Hackathon/my_firmware/craftiai_sentinel/build/esp-idf/mbedtls/mbedtls/3rdparty/everest/CMakeFiles
Searching for files in directory C:/Users/vishn/Documents/projects/Hackathon/my_firmware/craftiai_sentinel/build/esp-idf/mbedtls/mbedtls/3rdparty/everest/CMakeFiles/everest.dir
Searching for files in directory C:/Users/vishn/Documents/projects/Hackathon/my_firmware/craftiai_sentinel/build/esp-idf/mbedtls/mbedtls/3rdparty/everest/CMakeFiles/everest.dir/library
Searching for files in directory C:/Users/vishn/Documents/projects/Hackathon/my_firmware/craftiai_sentinel/build/esp-idf/mbedtls/mbedtls/3rdparty/p256-m
Searching for files in directory C:/Users/vishn/Documents/projects/Hackathon/my_firmware/craftiai_sentinel/build/esp-idf/mbedtls/mbedtls/3rdparty/p256-m/CMakeFiles
Searching for files in directory C:/Users/vishn/Documents/projects/Hackathon/my_firmware/craftiai_sentinel/build/esp-idf/mbedtls/mbedtls/3rdparty/p256-m/CMakeFiles/p256m.dir
Searching for files in directory C:/Users/vishn/Documents/projects/Hackathon/my_firmware/craftiai_sentinel/build/esp-idf/mbedtls/mbedtls/3rdparty/p256-m/CMakeFiles/p256m.dir/p256-m
Searching for files in directory C:/Users/vishn/Documents/projects/Hackathon/my_firmware/craftiai_sentinel/build/esp-idf/mbedtls/mbedtls/CMakeFiles
Searching for files in directory C:/Users/vishn/Documents/projects/Hackathon/my_firmware/craftiai_sentinel/build/esp-idf/mbedtls/mbedtls/include
Searching for files in directory C:/Users/vishn/Documents/projects/Hackathon/my_firmware/craftiai_sentinel/build/esp-idf/mbedtls/mbedtls/include/CMakeFiles
Searching for files in directory C:/Users/vishn/Documents/projects/Hackathon/my_firmware/craftiai_sentinel/build/esp-idf/mbedtls/mbedtls/library
Searching for files in directory C:/Users/vishn/Documents/projects/Hackathon/my_firmware/craftiai_sentinel/build/esp-idf/mbedtls/mbedtls/library/CMakeFiles
Searching for files in directory C:/Users/vishn/Documents/projects/Hackathon/my_firmware/craftiai_sentinel/build/esp-idf/mbedtls/mbedtls/library/CMakeFiles/mbedcrypto.dir
Searching for files in directory C:/Users/vishn/Documents/projects/Hackathon/my_firmware/craftiai_sentinel/build/esp-idf/mbedtls/mbedtls/library/CMakeFiles/mbedcrypto.dir/C_
Searching for files in directory C:/Users/vishn/Documents/projects/Hackathon/my_firmware/craftiai_sentinel/build/esp-idf/mbedtls/mbedtls/library/CMakeFiles/mbedcrypto.dir/C_/Espressif
Searching for files in directory C:/Users/vishn/Documents/projects/Hackathon/my_firmware/craftiai_sentinel/build/esp-idf/mbedtls/mbedtls/library/CMakeFiles/mbedcrypto.dir/C_/Espressif/esp-idf-release-v5.5
Searching for files in directory C:/Users/vishn/Documents/projects/Hackathon/my_firmware/craftiai_sentinel/build/esp-idf/mbedtls/mbedtls/library/CMakeFiles/mbedcrypto.dir/C_/Espressif/esp-idf-release-v5.5/components
Searching for files in directory C:/Users/vishn/Documents/projects/Hackathon/my_firmware/craftiai_sentinel/build/esp-idf/mbedtls/mbedtls/library/CMakeFiles/mbedcrypto.dir/C_/Espressif/esp-idf-release-v5.5/components/mbedtls
Searching for files in directory C:/Users/vishn/Documents/projects/Hackathon/my_firmware/craftiai_sentinel/build/esp-idf/mbedtls/mbedtls/library/CMakeFiles/mbedcrypto.dir/C_/Espressif/esp-idf-release-v5.5/components/mbedtls/port
Searching for files in directory C:/Users/vishn/Documents/projects/Hackathon/my_firmware/craftiai_sentinel/build/esp-idf/mbedtls/mbedtls/library/CMakeFiles/mbedcrypto.dir/C_/Espressif/esp-idf-release-v5.5/components/mbedtls/port/aes
Searching for files in directory C:/Users/vishn/Documents/projects/Hackathon/my_firmware/craftiai_sentinel/build/esp-idf/mbedtls/mbedtls/library/CMakeFiles/mbedcrypto.dir/C_/Espressif/esp-idf-release-v5.5/components/mbedtls/port/aes/dma
Searching for files in directory C:/Users/vishn/Documents/projects/Hackathon/my_firmware/craftiai_sentinel/build/esp-idf/mbedtls/mbedtls/library/CMakeFiles/mbedcrypto.dir/C_/Espressif/esp-idf-release-v5.5/components/mbedtls/port/bignum
Searching for files in directory C:/Users/vishn/Documents/projects/Hackathon/my_firmware/craftiai_sentinel/build/esp-idf/mbedtls/mbedtls/library/CMakeFiles/mbedcrypto.dir/C_/Espressif/esp-idf-release-v5.5/components/mbedtls/port/crypto_shared_gdma
Searching for files in directory C:/Users/vishn/Documents/projects/Hackathon/my_firmware/craftiai_sentinel/build/esp-idf/mbedtls/mbedtls/library/CMakeFiles/mbedcrypto.dir/C_/Espressif/esp-idf-release-v5.5/components/mbedtls/port/md
Searching for files in directory C:/Users/vishn/Documents/projects/Hackathon/my_firmware/craftiai_sentinel/build/esp-idf/mbedtls/mbedtls/library/CMakeFiles/mbedcrypto.dir/C_/Espressif/esp-idf-release-v5.5/components/mbedtls/port/sha
Searching for files in directory C:/Users/vishn/Documents/projects/Hackathon/my_firmware/craftiai_sentinel/build/esp-idf/mbedtls/mbedtls/library/CMakeFiles/mbedcrypto.dir/C_/Espressif/esp-idf-release-v5.5/components/mbedtls/port/sha/core
Searching for files in directory C:/Users/vishn/Documents/projects/Hackathon/my_firmware/craftiai_sentinel/build/esp-idf/mbedtls/mbedtls/library/CMakeFiles/mbedtls.dir
Searching for files in directory C:/Users/vishn/Documents/projects/Hackathon/my_firmware/craftiai_sentinel/build/esp-idf/mbedtls/mbedtls/library/CMakeFiles/mbedtls.dir/C_
Searching for files in directory C:/Users/vishn/Documents/projects/Hackathon/my_firmware/craftiai_sentinel/build/esp-idf/mbedtls/mbedtls/library/CMakeFiles/mbedtls.dir/C_/Espressif
Searching for files in directory C:/Users/vishn/Documents/projects/Hackathon/my_firmware/craftiai_sentinel/build/esp-idf/mbedtls/mbedtls/library/CMakeFiles/mbedtls.dir/C_/Espressif/esp-idf-release-v5.5
Searching for files in directory C:/Users/vishn/Documents/projects/Hackathon/my_firmware/craftiai_sentinel/build/esp-idf/mbedtls/mbedtls/library/CMakeFiles/mbedtls.dir/C_/Espressif/esp-idf-release-v5.5/components
Searching for files in directory C:/Users/vishn/Documents/projects/Hackathon/my_firmware/craftiai_sentinel/build/esp-idf/mbedtls/mbedtls/library/CMakeFiles/mbedtls.dir/C_/Espressif/esp-idf-release-v5.5/components/mbedtls
Searching for files in directory C:/Users/vishn/Documents/projects/Hackathon/my_firmware/craftiai_sentinel/build/esp-idf/mbedtls/mbedtls/library/CMakeFiles/mbedtls.dir/C_/Espressif/esp-idf-release-v5.5/components/mbedtls/port
Searching for files in directory C:/Users/vishn/Documents/projects/Hackathon/my_firmware/craftiai_sentinel/build/esp-idf/mbedtls/mbedtls/library/CMakeFiles/mbedx509.dir
Searching for files in directory C:/Users/vishn/Documents/projects/Hackathon/my_firmware/craftiai_sentinel/build/esp-idf/mbedtls/mbedtls/pkgconfig
Searching for files in directory C:/Users/vishn/Documents/projects/Hackathon/my_firmware/craftiai_sentinel/build/esp-idf/mbedtls/mbedtls/pkgconfig/CMakeFiles
Searching for files in directory C:/Users/vishn/Documents/projects/Hackathon/my_firmware/craftiai_sentinel/build/esp-idf/newlib
Searching for files in directory C:/Users/vishn/Documents/projects/Hackathon/my_firmware/craftiai_sentinel/build/esp-idf/newlib/CMakeFiles
Searching for files in directory C:/Users/vishn/Documents/projects/Hackathon/my_firmware/craftiai_sentinel/build/esp-idf/newlib/CMakeFiles/__idf_newlib.dir
Searching for files in directory C:/Users/vishn/Documents/projects/Hackathon/my_firmware/craftiai_sentinel/build/esp-idf/newlib/CMakeFiles/__idf_newlib.dir/src
Searching for files in directory C:/Users/vishn/Documents/projects/Hackathon/my_firmware/craftiai_sentinel/build/esp-idf/newlib/CMakeFiles/__idf_newlib.dir/src/port
Searching for files in directory C:/Users/vishn/Documents/projects/Hackathon/my_firmware/craftiai_sentinel/build/esp-idf/newlib/src
Searching for files in directory C:/Users/vishn/Documents/projects/Hackathon/my_firmware/craftiai_sentinel/build/esp-idf/newlib/src/port
Searching for files in directory C:/Users/vishn/Documents/projects/Hackathon/my_firmware/craftiai_sentinel/build/esp-idf/newlib/src/port/CMakeFiles
Searching for files in directory C:/Users/vishn/Documents/projects/Hackathon/my_firmware/craftiai_sentinel/build/esp-idf/nvs_flash
Searching for files in directory C:/Users/vishn/Documents/projects/Hackathon/my_firmware/craftiai_sentinel/build/esp-idf/nvs_flash/CMakeFiles
Searching for files in directory C:/Users/vishn/Documents/projects/Hackathon/my_firmware/craftiai_sentinel/build/esp-idf/nvs_flash/CMakeFiles/__idf_nvs_flash.dir
Searching for files in directory C:/Users/vishn/Documents/projects/Hackathon/my_firmware/craftiai_sentinel/build/esp-idf/nvs_flash/CMakeFiles/__idf_nvs_flash.dir/src
Searching for files in directory C:/Users/vishn/Documents/projects/Hackathon/my_firmware/craftiai_sentinel/build/esp-idf/partition_table
Searching for files in directory C:/Users/vishn/Documents/projects/Hackathon/my_firmware/craftiai_sentinel/build/esp-idf/partition_table/CMakeFiles
Searching for files in directory C:/Users/vishn/Documents/projects/Hackathon/my_firmware/craftiai_sentinel/build/esp-idf/pthread
Searching for files in directory C:/Users/vishn/Documents/projects/Hackathon/my_firmware/craftiai_sentinel/build/esp-idf/pthread/CMakeFiles
Searching for files in directory C:/Users/vishn/Documents/projects/Hackathon/my_firmware/craftiai_sentinel/build/esp-idf/pthread/CMakeFiles/__idf_pthread.dir
Searching for files in directory C:/Users/vishn/Documents/projects/Hackathon/my_firmware/craftiai_sentinel/build/esp-idf/riscv
Searching for files in directory C:/Users/vishn/Documents/projects/Hackathon/my_firmware/craftiai_sentinel/build/esp-idf/riscv/CMakeFiles
Searching for files in directory C:/Users/vishn/Documents/projects/Hackathon/my_firmware/craftiai_sentinel/build/esp-idf/riscv/CMakeFiles/__idf_riscv.dir
Searching for files in directory C:/Users/vishn/Documents/projects/Hackathon/my_firmware/craftiai_sentinel/build/esp-idf/soc
Searching for files in directory C:/Users/vishn/Documents/projects/Hackathon/my_firmware/craftiai_sentinel/build/esp-idf/soc/CMakeFiles
Searching for files in directory C:/Users/vishn/Documents/projects/Hackathon/my_firmware/craftiai_sentinel/build/esp-idf/soc/CMakeFiles/__idf_soc.dir
Searching for files in directory C:/Users/vishn/Documents/projects/Hackathon/my_firmware/craftiai_sentinel/build/esp-idf/soc/CMakeFiles/__idf_soc.dir/esp32c3
Searching for files in directory C:/Users/vishn/Documents/projects/Hackathon/my_firmware/craftiai_sentinel/build/esp-idf/spi_flash
Searching for files in directory C:/Users/vishn/Documents/projects/Hackathon/my_firmware/craftiai_sentinel/build/esp-idf/spi_flash/CMakeFiles
Searching for files in directory C:/Users/vishn/Documents/projects/Hackathon/my_firmware/craftiai_sentinel/build/esp-idf/spi_flash/CMakeFiles/__idf_spi_flash.dir
Searching for files in directory C:/Users/vishn/Documents/projects/Hackathon/my_firmware/craftiai_sentinel/build/esp-idf/vfs
Searching for files in directory C:/Users/vishn/Documents/projects/Hackathon/my_firmware/craftiai_sentinel/build/esp-idf/vfs/CMakeFiles
Searching for files in directory C:/Users/vishn/Documents/projects/Hackathon/my_firmware/craftiai_sentinel/build/esp-idf/vfs/CMakeFiles/__idf_vfs.dir
Searching for files in directory C:/Users/vishn/Documents/projects/Hackathon/my_firmware/craftiai_sentinel/build/esp-idf/wpa_supplicant
Searching for files in directory C:/Users/vishn/Documents/projects/Hackathon/my_firmware/craftiai_sentinel/build/esp-idf/wpa_supplicant/CMakeFiles
Searching for files in directory C:/Users/vishn/Documents/projects/Hackathon/my_firmware/craftiai_sentinel/build/esp-idf/wpa_supplicant/CMakeFiles/__idf_wpa_supplicant.dir
Searching for files in directory C:/Users/vishn/Documents/projects/Hackathon/my_firmware/craftiai_sentinel/build/esp-idf/wpa_supplicant/CMakeFiles/__idf_wpa_supplicant.dir/esp_supplicant
Searching for files in directory C:/Users/vishn/Documents/projects/Hackathon/my_firmware/craftiai_sentinel/build/esp-idf/wpa_supplicant/CMakeFiles/__idf_wpa_supplicant.dir/esp_supplicant/src
Searching for files in directory C:/Users/vishn/Documents/projects/Hackathon/my_firmware/craftiai_sentinel/build/esp-idf/wpa_supplicant/CMakeFiles/__idf_wpa_supplicant.dir/esp_supplicant/src/crypto
Searching for files in directory C:/Users/vishn/Documents/projects/Hackathon/my_firmware/craftiai_sentinel/build/esp-idf/wpa_supplicant/CMakeFiles/__idf_wpa_supplicant.dir/port
Searching for files in directory C:/Users/vishn/Documents/projects/Hackathon/my_firmware/craftiai_sentinel/build/esp-idf/wpa_supplicant/CMakeFiles/__idf_wpa_supplicant.dir/src
Searching for files in directory C:/Users/vishn/Documents/projects/Hackathon/my_firmware/craftiai_sentinel/build/esp-idf/wpa_supplicant/CMakeFiles/__idf_wpa_supplicant.dir/src/ap
Searching for files in directory C:/Users/vishn/Documents/projects/Hackathon/my_firmware/craftiai_sentinel/build/esp-idf/wpa_supplicant/CMakeFiles/__idf_wpa_supplicant.dir/src/common
Searching for files in directory C:/Users/vishn/Documents/projects/Hackathon/my_firmware/craftiai_sentinel/build/esp-idf/wpa_supplicant/CMakeFiles/__idf_wpa_supplicant.dir/src/crypto
Searching for files in directory C:/Users/vishn/Documents/projects/Hackathon/my_firmware/craftiai_sentinel/build/esp-idf/wpa_supplicant/CMakeFiles/__idf_wpa_supplicant.dir/src/eap_common
Searching for files in directory C:/Users/vishn/Documents/projects/Hackathon/my_firmware/craftiai_sentinel/build/esp-idf/wpa_supplicant/CMakeFiles/__idf_wpa_supplicant.dir/src/eap_peer
Searching for files in directory C:/Users/vishn/Documents/projects/Hackathon/my_firmware/craftiai_sentinel/build/esp-idf/wpa_supplicant/CMakeFiles/__idf_wpa_supplicant.dir/src/rsn_supp
Searching for files in directory C:/Users/vishn/Documents/projects/Hackathon/my_firmware/craftiai_sentinel/build/esp-idf/wpa_supplicant/CMakeFiles/__idf_wpa_supplicant.dir/src/utils
Searching for files in directory C:/Users/vishn/Documents/projects/Hackathon/my_firmware/craftiai_sentinel/build/esp-idf/wpa_supplicant/CMakeFiles/__idf_wpa_supplicant.dir/src/wps
Searching for files in directory C:/Users/vishn/Documents/projects/Hackathon/my_firmware/craftiai_sentinel/build/gdbinit
Searching for files in directory C:/Users/vishn/Documents/projects/Hackathon/my_firmware/craftiai_sentinel/build/log
Searching for files in directory C:/Users/vishn/Documents/projects/Hackathon/my_firmware/craftiai_sentinel/build/partition_table
Searching for files in directory C:/Users/vishn/Documents/projects/Hackathon/my_firmware/craftiai_sentinel/components
Searching for files in directory C:/Users/vishn/Documents/projects/Hackathon/my_firmware/craftiai_sentinel/components/firmgen_telemetry
Searching for files in directory C:/Users/vishn/Documents/projects/Hackathon/my_firmware/craftiai_sentinel/components/firmgen_telemetry/include
Searching for files in directory C:/Users/vishn/Documents/projects/Hackathon/my_firmware/craftiai_sentinel/firmware
Searching for files in directory C:/Users/vishn/Documents/projects/Hackathon/my_firmware/craftiai_sentinel/firmware/app
Searching for files in directory C:/Users/vishn/Documents/projects/Hackathon/my_firmware/craftiai_sentinel/firmware/configs
Searching for files in directory C:/Users/vishn/Documents/projects/Hackathon/my_firmware/craftiai_sentinel/firmware/docs
Searching for files in directory C:/Users/vishn/Documents/projects/Hackathon/my_firmware/craftiai_sentinel/firmware/docs/api
Searching for files in directory C:/Users/vishn/Documents/projects/Hackathon/my_firmware/craftiai_sentinel/firmware/docs/api/html
Searching for files in directory C:/Users/vishn/Documents/projects/Hackathon/my_firmware/craftiai_sentinel/firmware/interfaces
Searching for files in directory C:/Users/vishn/Documents/projects/Hackathon/my_firmware/craftiai_sentinel/firmware/modules
Searching for files in directory C:/Users/vishn/Documents/projects/Hackathon/my_firmware/craftiai_sentinel/firmware/platforms
Searching for files in directory C:/Users/vishn/Documents/projects/Hackathon/my_firmware/craftiai_sentinel/firmware/platforms/esp32
Searching for files in directory C:/Users/vishn/Documents/projects/Hackathon/my_firmware/craftiai_sentinel/firmware/scripts
Searching for files in directory C:/Users/vishn/Documents/projects/Hackathon/my_firmware/craftiai_sentinel/firmware/services
Searching for files in directory C:/Users/vishn/Documents/projects/Hackathon/my_firmware/craftiai_sentinel/firmware/tests
Searching for files in directory C:/Users/vishn/Documents/projects/Hackathon/my_firmware/craftiai_sentinel/firmware/utils
Searching for files in directory C:/Users/vishn/Documents/projects/Hackathon/my_firmware/craftiai_sentinel/firmware/utils/helpers
Searching for files in directory C:/Users/vishn/Documents/projects/Hackathon/my_firmware/craftiai_sentinel/firmware/utils/logger
Searching for files in directory C:/Users/vishn/Documents/projects/Hackathon/my_firmware/craftiai_sentinel/main
Searching for files in directory C:/Users/vishn/Documents/projects/Hackathon/my_firmware/craftiai_sentinel/managed_components
Searching for files in directory C:/Users/vishn/Documents/projects/Hackathon/my_firmware/craftiai_sentinel/managed_components/espressif__led_strip
Searching for files in directory C:/Users/vishn/Documents/projects/Hackathon/my_firmware/craftiai_sentinel/managed_components/espressif__led_strip/docs
Searching for files in directory C:/Users/vishn/Documents/projects/Hackathon/my_firmware/craftiai_sentinel/managed_components/espressif__led_strip/docs/src
Searching for files in directory C:/Users/vishn/Documents/projects/Hackathon/my_firmware/craftiai_sentinel/managed_components/espressif__led_strip/examples
Searching for files in directory C:/Users/vishn/Documents/projects/Hackathon/my_firmware/craftiai_sentinel/managed_components/espressif__led_strip/examples/led_strip_rmt_ws2812
Searching for files in directory C:/Users/vishn/Documents/projects/Hackathon/my_firmware/craftiai_sentinel/managed_components/espressif__led_strip/examples/led_strip_rmt_ws2812/main
Searching for files in directory C:/Users/vishn/Documents/projects/Hackathon/my_firmware/craftiai_sentinel/managed_components/espressif__led_strip/examples/led_strip_spi_ws2812
Searching for files in directory C:/Users/vishn/Documents/projects/Hackathon/my_firmware/craftiai_sentinel/managed_components/espressif__led_strip/examples/led_strip_spi_ws2812/main
Searching for files in directory C:/Users/vishn/Documents/projects/Hackathon/my_firmware/craftiai_sentinel/managed_components/espressif__led_strip/include
Searching for files in directory C:/Users/vishn/Documents/projects/Hackathon/my_firmware/craftiai_sentinel/managed_components/espressif__led_strip/interface
Searching for files in directory C:/Users/vishn/Documents/projects/Hackathon/my_firmware/craftiai_sentinel/managed_components/espressif__led_strip/src
Searching for images...
Searching for files in directory C:/Users/vishn/Documents/projects/Hackathon/my_firmware/craftiai_sentinel
Searching for files in directory C:/Users/vishn/Documents/projects/Hackathon/my_firmware/craftiai_sentinel/build
Searching for files in directory C:/Users/vishn/Documents/projects/Hackathon/my_firmware/craftiai_sentinel/build/bootloader
Searching for files in directory C:/Users/vishn/Documents/projects/Hackathon/my_firmware/craftiai_sentinel/build/bootloader/CMakeFiles
Searching for files in directory C:/Users/vishn/Documents/projects/Hackathon/my_firmware/craftiai_sentinel/build/bootloader/CMakeFiles/3.30.2
Searching for files in directory C:/Users/vishn/Documents/projects/Hackathon/my_firmware/craftiai_sentinel/build/bootloader/CMakeFiles/3.30.2/CompilerIdASM
Searching for files in directory C:/Users/vishn/Documents/projects/Hackathon/my_firmware/craftiai_sentinel/build/bootloader/CMakeFiles/3.30.2/CompilerIdC
Searching for files in directory C:/Users/vishn/Documents/projects/Hackathon/my_firmware/craftiai_sentinel/build/bootloader/CMakeFiles/3.30.2/CompilerIdC/tmp
Searching for files in directory C:/Users/vishn/Documents/projects/Hackathon/my_firmware/craftiai_sentinel/build/bootloader/CMakeFiles/3.30.2/CompilerIdCXX
Searching for files in directory C:/Users/vishn/Documents/projects/Hackathon/my_firmware/craftiai_sentinel/build/bootloader/CMakeFiles/3.30.2/CompilerIdCXX/tmp
Searching for files in directory C:/Users/vishn/Documents/projects/Hackathon/my_firmware/craftiai_sentinel/build/bootloader/CMakeFiles/bootloader.elf.dir
Searching for files in directory C:/Users/vishn/Documents/projects/Hackathon/my_firmware/craftiai_sentinel/build/bootloader/CMakeFiles/git-data
Searching for files in directory C:/Users/vishn/Documents/projects/Hackathon/my_firmware/craftiai_sentinel/build/bootloader/CMakeFiles/pkgRedirects
Searching for files in directory C:/Users/vishn/Documents/projects/Hackathon/my_firmware/craftiai_sentinel/build/bootloader/config
Searching for files in directory C:/Users/vishn/Documents/projects/Hackathon/my_firmware/craftiai_sentinel/build/bootloader/esp-idf
Searching for files in directory C:/Users/vishn/Documents/projects/Hackathon/my_firmware/craftiai_sentinel/build/bootloader/esp-idf/bootloader
Searching for files in directory C:/Users/vishn/Documents/projects/Hackathon/my_firmware/craftiai_sentinel/build/bootloader/esp-idf/bootloader/CMakeFiles
Searching for files in directory C:/Users/vishn/Documents/projects/Hackathon/my_firmware/craftiai_sentinel/build/bootloader/esp-idf/bootloader_support
Searching for files in directory C:/Users/vishn/Documents/projects/Hackathon/my_firmware/craftiai_sentinel/build/bootloader/esp-idf/bootloader_support/CMakeFiles
Searching for files in directory C:/Users/vishn/Documents/projects/Hackathon/my_firmware/craftiai_sentinel/build/bootloader/esp-idf/bootloader_support/CMakeFiles/__idf_bootloader_support.dir
Searching for files in directory C:/Users/vishn/Documents/projects/Hackathon/my_firmware/craftiai_sentinel/build/bootloader/esp-idf/bootloader_support/CMakeFiles/__idf_bootloader_support.dir/bootloader_flash
Searching for files in directory C:/Users/vishn/Documents/projects/Hackathon/my_firmware/craftiai_sentinel/build/bootloader/esp-idf/bootloader_support/CMakeFiles/__idf_bootloader_support.dir/bootloader_flash/src
Searching for files in directory C:/Users/vishn/Documents/projects/Hackathon/my_firmware/craftiai_sentinel/build/bootloader/esp-idf/bootloader_support/CMakeFiles/__idf_bootloader_support.dir/src
Searching for files in directory C:/Users/vishn/Documents/projects/Hackathon/my_firmware/craftiai_sentinel/build/bootloader/esp-idf/bootloader_support/CMakeFiles/__idf_bootloader_support.dir/src/esp32c3
Searching for files in directory C:/Users/vishn/Documents/projects/Hackathon/my_firmware/craftiai_sentinel/build/bootloader/esp-idf/CMakeFiles
Searching for files in directory C:/Users/vishn/Documents/projects/Hackathon/my_firmware/craftiai_sentinel/build/bootloader/esp-idf/efuse
Searching for files in directory C:/Users/vishn/Documents/projects/Hackathon/my_firmware/craftiai_sentinel/build/bootloader/esp-idf/efuse/CMakeFiles
Searching for files in directory C:/Users/vishn/Documents/projects/Hackathon/my_firmware/craftiai_sentinel/build/bootloader/esp-idf/efuse/CMakeFiles/__idf_efuse.dir
Searching for files in directory C:/Users/vishn/Documents/projects/Hackathon/my_firmware/craftiai_sentinel/build/bootloader/esp-idf/efuse/CMakeFiles/__idf_efuse.dir/esp32c3
Searching for files in directory C:/Users/vishn/Documents/projects/Hackathon/my_firmware/craftiai_sentinel/build/bootloader/esp-idf/efuse/CMakeFiles/__idf_efuse.dir/src
Searching for files in directory C:/Users/vishn/Documents/projects/Hackathon/my_firmware/craftiai_sentinel/build/bootloader/esp-idf/efuse/CMakeFiles/__idf_efuse.dir/src/efuse_controller
Searching for files in directory C:/Users/vishn/Documents/projects/Hackathon/my_firmware/craftiai_sentinel/build/bootloader/esp-idf/efuse/CMakeFiles/__idf_efuse.dir/src/efuse_controller/keys
Searching for files in directory C:/Users/vishn/Documents/projects/Hackathon/my_firmware/craftiai_sentinel/build/bootloader/esp-idf/efuse/CMakeFiles/__idf_efuse.dir/src/efuse_controller/keys/with_key_purposes
Searching for files in directory C:/Users/vishn/Documents/projects/Hackathon/my_firmware/craftiai_sentinel/build/bootloader/esp-idf/esptool_py
Searching for files in directory C:/Users/vishn/Documents/projects/Hackathon/my_firmware/craftiai_sentinel/build/bootloader/esp-idf/esptool_py/CMakeFiles
Searching for files in directory C:/Users/vishn/Documents/projects/Hackathon/my_firmware/craftiai_sentinel/build/bootloader/esp-idf/esp_app_format
Searching for files in directory C:/Users/vishn/Documents/projects/Hackathon/my_firmware/craftiai_sentinel/build/bootloader/esp-idf/esp_app_format/CMakeFiles
Searching for files in directory C:/Users/vishn/Documents/projects/Hackathon/my_firmware/craftiai_sentinel/build/bootloader/esp-idf/esp_bootloader_format
Searching for files in directory C:/Users/vishn/Documents/projects/Hackathon/my_firmware/craftiai_sentinel/build/bootloader/esp-idf/esp_bootloader_format/CMakeFiles
Searching for files in directory C:/Users/vishn/Documents/projects/Hackathon/my_firmware/craftiai_sentinel/build/bootloader/esp-idf/esp_bootloader_format/CMakeFiles/__idf_esp_bootloader_format.dir
Searching for files in directory C:/Users/vishn/Documents/projects/Hackathon/my_firmware/craftiai_sentinel/build/bootloader/esp-idf/esp_common
Searching for files in directory C:/Users/vishn/Documents/projects/Hackathon/my_firmware/craftiai_sentinel/build/bootloader/esp-idf/esp_common/CMakeFiles
Searching for files in directory C:/Users/vishn/Documents/projects/Hackathon/my_firmware/craftiai_sentinel/build/bootloader/esp-idf/esp_common/CMakeFiles/__idf_esp_common.dir
Searching for files in directory C:/Users/vishn/Documents/projects/Hackathon/my_firmware/craftiai_sentinel/build/bootloader/esp-idf/esp_common/CMakeFiles/__idf_esp_common.dir/src
Searching for files in directory C:/Users/vishn/Documents/projects/Hackathon/my_firmware/craftiai_sentinel/build/bootloader/esp-idf/esp_hw_support
Searching for files in directory C:/Users/vishn/Documents/projects/Hackathon/my_firmware/craftiai_sentinel/build/bootloader/esp-idf/esp_hw_support/CMakeFiles
Searching for files in directory C:/Users/vishn/Documents/projects/Hackathon/my_firmware/craftiai_sentinel/build/bootloader/esp-idf/esp_hw_support/CMakeFiles/__idf_esp_hw_support.dir
Searching for files in directory C:/Users/vishn/Documents/projects/Hackathon/my_firmware/craftiai_sentinel/build/bootloader/esp-idf/esp_hw_support/CMakeFiles/__idf_esp_hw_support.dir/port
Searching for files in directory C:/Users/vishn/Documents/projects/Hackathon/my_firmware/craftiai_sentinel/build/bootloader/esp-idf/esp_hw_support/CMakeFiles/__idf_esp_hw_support.dir/port/esp32c3
Searching for files in directory C:/Users/vishn/Documents/projects/Hackathon/my_firmware/craftiai_sentinel/build/bootloader/esp-idf/esp_hw_support/lowpower
Searching for files in directory C:/Users/vishn/Documents/projects/Hackathon/my_firmware/craftiai_sentinel/build/bootloader/esp-idf/esp_hw_support/lowpower/CMakeFiles
Searching for files in directory C:/Users/vishn/Documents/projects/Hackathon/my_firmware/craftiai_sentinel/build/bootloader/esp-idf/esp_hw_support/port
Searching for files in directory C:/Users/vishn/Documents/projects/Hackathon/my_firmware/craftiai_sentinel/build/bootloader/esp-idf/esp_hw_support/port/esp32c3
Searching for files in directory C:/Users/vishn/Documents/projects/Hackathon/my_firmware/craftiai_sentinel/build/bootloader/esp-idf/esp_hw_support/port/esp32c3/CMakeFiles
Searching for files in directory C:/Users/vishn/Documents/projects/Hackathon/my_firmware/craftiai_sentinel/build/bootloader/esp-idf/esp_rom
Searching for files in directory C:/Users/vishn/Documents/projects/Hackathon/my_firmware/craftiai_sentinel/build/bootloader/esp-idf/esp_rom/CMakeFiles
Searching for files in directory C:/Users/vishn/Documents/projects/Hackathon/my_firmware/craftiai_sentinel/build/bootloader/esp-idf/esp_rom/CMakeFiles/__idf_esp_rom.dir
Searching for files in directory C:/Users/vishn/Documents/projects/Hackathon/my_firmware/craftiai_sentinel/build/bootloader/esp-idf/esp_rom/CMakeFiles/__idf_esp_rom.dir/patches
Searching for files in directory C:/Users/vishn/Documents/projects/Hackathon/my_firmware/craftiai_sentinel/build/bootloader/esp-idf/esp_security
Searching for files in directory C:/Users/vishn/Documents/projects/Hackathon/my_firmware/craftiai_sentinel/build/bootloader/esp-idf/esp_security/CMakeFiles
Searching for files in directory C:/Users/vishn/Documents/projects/Hackathon/my_firmware/craftiai_sentinel/build/bootloader/esp-idf/esp_system
Searching for files in directory C:/Users/vishn/Documents/projects/Hackathon/my_firmware/craftiai_sentinel/build/bootloader/esp-idf/esp_system/CMakeFiles
Searching for files in directory C:/Users/vishn/Documents/projects/Hackathon/my_firmware/craftiai_sentinel/build/bootloader/esp-idf/esp_system/CMakeFiles/__idf_esp_system.dir
Searching for files in directory C:/Users/vishn/Documents/projects/Hackathon/my_firmware/craftiai_sentinel/build/bootloader/esp-idf/freertos
Searching for files in directory C:/Users/vishn/Documents/projects/Hackathon/my_firmware/craftiai_sentinel/build/bootloader/esp-idf/freertos/CMakeFiles
Searching for files in directory C:/Users/vishn/Documents/projects/Hackathon/my_firmware/craftiai_sentinel/build/bootloader/esp-idf/hal
Searching for files in directory C:/Users/vishn/Documents/projects/Hackathon/my_firmware/craftiai_sentinel/build/bootloader/esp-idf/hal/CMakeFiles
Searching for files in directory C:/Users/vishn/Documents/projects/Hackathon/my_firmware/craftiai_sentinel/build/bootloader/esp-idf/hal/CMakeFiles/__idf_hal.dir
Searching for files in directory C:/Users/vishn/Documents/projects/Hackathon/my_firmware/craftiai_sentinel/build/bootloader/esp-idf/hal/CMakeFiles/__idf_hal.dir/esp32c3
Searching for files in directory C:/Users/vishn/Documents/projects/Hackathon/my_firmware/craftiai_sentinel/build/bootloader/esp-idf/log
Searching for files in directory C:/Users/vishn/Documents/projects/Hackathon/my_firmware/craftiai_sentinel/build/bootloader/esp-idf/log/CMakeFiles
Searching for files in directory C:/Users/vishn/Documents/projects/Hackathon/my_firmware/craftiai_sentinel/build/bootloader/esp-idf/log/CMakeFiles/__idf_log.dir
Searching for files in directory C:/Users/vishn/Documents/projects/Hackathon/my_firmware/craftiai_sentinel/build/bootloader/esp-idf/log/CMakeFiles/__idf_log.dir/src
Searching for files in directory C:/Users/vishn/Documents/projects/Hackathon/my_firmware/craftiai_sentinel/build/bootloader/esp-idf/log/CMakeFiles/__idf_log.dir/src/buffer
Searching for files in directory C:/Users/vishn/Documents/projects/Hackathon/my_firmware/craftiai_sentinel/build/bootloader/esp-idf/log/CMakeFiles/__idf_log.dir/src/noos
Searching for files in directory C:/Users/vishn/Documents/projects/Hackathon/my_firmware/craftiai_sentinel/build/bootloader/esp-idf/main
Searching for files in directory C:/Users/vishn/Documents/projects/Hackathon/my_firmware/craftiai_sentinel/build/bootloader/esp-idf/main/CMakeFiles
Searching for files in directory C:/Users/vishn/Documents/projects/Hackathon/my_firmware/craftiai_sentinel/build/bootloader/esp-idf/main/CMakeFiles/__idf_main.dir
Searching for files in directory C:/Users/vishn/Documents/projects/Hackathon/my_firmware/craftiai_sentinel/build/bootloader/esp-idf/micro-ecc
Searching for files in directory C:/Users/vishn/Documents/projects/Hackathon/my_firmware/craftiai_sentinel/build/bootloader/esp-idf/micro-ecc/CMakeFiles
Searching for files in directory C:/Users/vishn/Documents/projects/Hackathon/my_firmware/craftiai_sentinel/build/bootloader/esp-idf/micro-ecc/CMakeFiles/__idf_micro-ecc.dir
Searching for files in directory C:/Users/vishn/Documents/projects/Hackathon/my_firmware/craftiai_sentinel/build/bootloader/esp-idf/newlib
Searching for files in directory C:/Users/vishn/Documents/projects/Hackathon/my_firmware/craftiai_sentinel/build/bootloader/esp-idf/newlib/CMakeFiles
Searching for files in directory C:/Users/vishn/Documents/projects/Hackathon/my_firmware/craftiai_sentinel/build/bootloader/esp-idf/partition_table
Searching for files in directory C:/Users/vishn/Documents/projects/Hackathon/my_firmware/craftiai_sentinel/build/bootloader/esp-idf/partition_table/CMakeFiles
Searching for files in directory C:/Users/vishn/Documents/projects/Hackathon/my_firmware/craftiai_sentinel/build/bootloader/esp-idf/riscv
Searching for files in directory C:/Users/vishn/Documents/projects/Hackathon/my_firmware/craftiai_sentinel/build/bootloader/esp-idf/riscv/CMakeFiles
Searching for files in directory C:/Users/vishn/Documents/projects/Hackathon/my_firmware/craftiai_sentinel/build/bootloader/esp-idf/riscv/CMakeFiles/__idf_riscv.dir
Searching for files in directory C:/Users/vishn/Documents/projects/Hackathon/my_firmware/craftiai_sentinel/build/bootloader/esp-idf/soc
Searching for files in directory C:/Users/vishn/Documents/projects/Hackathon/my_firmware/craftiai_sentinel/build/bootloader/esp-idf/soc/CMakeFiles
Searching for files in directory C:/Users/vishn/Documents/projects/Hackathon/my_firmware/craftiai_sentinel/build/bootloader/esp-idf/soc/CMakeFiles/__idf_soc.dir
Searching for files in directory C:/Users/vishn/Documents/projects/Hackathon/my_firmware/craftiai_sentinel/build/bootloader/esp-idf/soc/CMakeFiles/__idf_soc.dir/esp32c3
Searching for files in directory C:/Users/vishn/Documents/projects/Hackathon/my_firmware/craftiai_sentinel/build/bootloader/esp-idf/spi_flash
Searching for files in directory C:/Users/vishn/Documents/projects/Hackathon/my_firmware/craftiai_sentinel/build/bootloader/esp-idf/spi_flash/CMakeFiles
Searching for files in directory C:/Users/vishn/Documents/projects/Hackathon/my_firmware/craftiai_sentinel/build/bootloader/esp-idf/spi_flash/CMakeFiles/__idf_spi_flash.dir
Searching for files in directory C:/Users/vishn/Documents/projects/Hackathon/my_firmware/craftiai_sentinel/build/bootloader/gdbinit
Searching for files in directory C:/Users/vishn/Documents/projects/Hackathon/my_firmware/craftiai_sentinel/build/bootloader-prefix
Searching for files in directory C:/Users/vishn/Documents/projects/Hackathon/my_firmware/craftiai_sentinel/build/bootloader-prefix/src
Searching for files in directory C:/Users/vishn/Documents/projects/Hackathon/my_firmware/craftiai_sentinel/build/bootloader-prefix/src/bootloader-stamp
Searching for files in directory C:/Users/vishn/Documents/projects/Hackathon/my_firmware/craftiai_sentinel/build/bootloader-prefix/tmp
Searching for files in directory C:/Users/vishn/Documents/projects/Hackathon/my_firmware/craftiai_sentinel/build/CMakeFiles
Searching for files in directory C:/Users/vishn/Documents/projects/Hackathon/my_firmware/craftiai_sentinel/build/CMakeFiles/3.30.2
Searching for files in directory C:/Users/vishn/Documents/projects/Hackathon/my_firmware/craftiai_sentinel/build/CMakeFiles/3.30.2/CompilerIdASM
Searching for files in directory C:/Users/vishn/Documents/projects/Hackathon/my_firmware/craftiai_sentinel/build/CMakeFiles/3.30.2/CompilerIdC
Searching for files in directory C:/Users/vishn/Documents/projects/Hackathon/my_firmware/craftiai_sentinel/build/CMakeFiles/3.30.2/CompilerIdC/tmp
Searching for files in directory C:/Users/vishn/Documents/projects/Hackathon/my_firmware/craftiai_sentinel/build/CMakeFiles/3.30.2/CompilerIdCXX
Searching for files in directory C:/Users/vishn/Documents/projects/Hackathon/my_firmware/craftiai_sentinel/build/CMakeFiles/3.30.2/CompilerIdCXX/tmp
Searching for files in directory C:/Users/vishn/Documents/projects/Hackathon/my_firmware/craftiai_sentinel/build/CMakeFiles/bootloader.dir
Searching for files in directory C:/Users/vishn/Documents/projects/Hackathon/my_firmware/craftiai_sentinel/build/CMakeFiles/craftiai_sentinel.elf.dir
Searching for files in directory C:/Users/vishn/Documents/projects/Hackathon/my_firmware/craftiai_sentinel/build/CMakeFiles/git-data
Searching for files in directory C:/Users/vishn/Documents/projects/Hackathon/my_firmware/craftiai_sentinel/build/CMakeFiles/pkgRedirects
Searching for files in directory C:/Users/vishn/Documents/projects/Hackathon/my_firmware/craftiai_sentinel/build/config
Searching for files in directory C:/Users/vishn/Documents/projects/Hackathon/my_firmware/craftiai_sentinel/build/esp-idf
Searching for files in directory C:/Users/vishn/Documents/projects/Hackathon/my_firmware/craftiai_sentinel/build/esp-idf/app_update
Searching for files in directory C:/Users/vishn/Documents/projects/Hackathon/my_firmware/craftiai_sentinel/build/esp-idf/app_update/CMakeFiles
Searching for files in directory C:/Users/vishn/Documents/projects/Hackathon/my_firmware/craftiai_sentinel/build/esp-idf/app_update/CMakeFiles/__idf_app_update.dir
Searching for files in directory C:/Users/vishn/Documents/projects/Hackathon/my_firmware/craftiai_sentinel/build/esp-idf/bootloader
Searching for files in directory C:/Users/vishn/Documents/projects/Hackathon/my_firmware/craftiai_sentinel/build/esp-idf/bootloader/CMakeFiles
Searching for files in directory C:/Users/vishn/Documents/projects/Hackathon/my_firmware/craftiai_sentinel/build/esp-idf/bootloader_support
Searching for files in directory C:/Users/vishn/Documents/projects/Hackathon/my_firmware/craftiai_sentinel/build/esp-idf/bootloader_support/CMakeFiles
Searching for files in directory C:/Users/vishn/Documents/projects/Hackathon/my_firmware/craftiai_sentinel/build/esp-idf/bootloader_support/CMakeFiles/__idf_bootloader_support.dir
Searching for files in directory C:/Users/vishn/Documents/projects/Hackathon/my_firmware/craftiai_sentinel/build/esp-idf/bootloader_support/CMakeFiles/__idf_bootloader_support.dir/bootloader_flash
Searching for files in directory C:/Users/vishn/Documents/projects/Hackathon/my_firmware/craftiai_sentinel/build/esp-idf/bootloader_support/CMakeFiles/__idf_bootloader_support.dir/bootloader_flash/src
Searching for files in directory C:/Users/vishn/Documents/projects/Hackathon/my_firmware/craftiai_sentinel/build/esp-idf/bootloader_support/CMakeFiles/__idf_bootloader_support.dir/src
Searching for files in directory C:/Users/vishn/Documents/projects/Hackathon/my_firmware/craftiai_sentinel/build/esp-idf/bootloader_support/CMakeFiles/__idf_bootloader_support.dir/src/esp32c3
Searching for files in directory C:/Users/vishn/Documents/projects/Hackathon/my_firmware/craftiai_sentinel/build/esp-idf/CMakeFiles
Searching for files in directory C:/Users/vishn/Documents/projects/Hackathon/my_firmware/craftiai_sentinel/build/esp-idf/cxx
Searching for files in directory C:/Users/vishn/Documents/projects/Hackathon/my_firmware/craftiai_sentinel/build/esp-idf/cxx/CMakeFiles
Searching for files in directory C:/Users/vishn/Documents/projects/Hackathon/my_firmware/craftiai_sentinel/build/esp-idf/cxx/CMakeFiles/__idf_cxx.dir
Searching for files in directory C:/Users/vishn/Documents/projects/Hackathon/my_firmware/craftiai_sentinel/build/esp-idf/efuse
Searching for files in directory C:/Users/vishn/Documents/projects/Hackathon/my_firmware/craftiai_sentinel/build/esp-idf/efuse/CMakeFiles
Searching for files in directory C:/Users/vishn/Documents/projects/Hackathon/my_firmware/craftiai_sentinel/build/esp-idf/efuse/CMakeFiles/__idf_efuse.dir
Searching for files in directory C:/Users/vishn/Documents/projects/Hackathon/my_firmware/craftiai_sentinel/build/esp-idf/efuse/CMakeFiles/__idf_efuse.dir/esp32c3
Searching for files in directory C:/Users/vishn/Documents/projects/Hackathon/my_firmware/craftiai_sentinel/build/esp-idf/efuse/CMakeFiles/__idf_efuse.dir/src
Searching for files in directory C:/Users/vishn/Documents/projects/Hackathon/my_firmware/craftiai_sentinel/build/esp-idf/efuse/CMakeFiles/__idf_efuse.dir/src/efuse_controller
Searching for files in directory C:/Users/vishn/Documents/projects/Hackathon/my_firmware/craftiai_sentinel/build/esp-idf/efuse/CMakeFiles/__idf_efuse.dir/src/efuse_controller/keys
Searching for files in directory C:/Users/vishn/Documents/projects/Hackathon/my_firmware/craftiai_sentinel/build/esp-idf/efuse/CMakeFiles/__idf_efuse.dir/src/efuse_controller/keys/with_key_purposes
Searching for files in directory C:/Users/vishn/Documents/projects/Hackathon/my_firmware/craftiai_sentinel/build/esp-idf/espressif__led_strip
Searching for files in directory C:/Users/vishn/Documents/projects/Hackathon/my_firmware/craftiai_sentinel/build/esp-idf/espressif__led_strip/CMakeFiles
Searching for files in directory C:/Users/vishn/Documents/projects/Hackathon/my_firmware/craftiai_sentinel/build/esp-idf/espressif__led_strip/CMakeFiles/__idf_espressif__led_strip.dir
Searching for files in directory C:/Users/vishn/Documents/projects/Hackathon/my_firmware/craftiai_sentinel/build/esp-idf/espressif__led_strip/CMakeFiles/__idf_espressif__led_strip.dir/src
Searching for files in directory C:/Users/vishn/Documents/projects/Hackathon/my_firmware/craftiai_sentinel/build/esp-idf/esptool_py
Searching for files in directory C:/Users/vishn/Documents/projects/Hackathon/my_firmware/craftiai_sentinel/build/esp-idf/esptool_py/CMakeFiles
Searching for files in directory C:/Users/vishn/Documents/projects/Hackathon/my_firmware/craftiai_sentinel/build/esp-idf/esp_app_format
Searching for files in directory C:/Users/vishn/Documents/projects/Hackathon/my_firmware/craftiai_sentinel/build/esp-idf/esp_app_format/CMakeFiles
Searching for files in directory C:/Users/vishn/Documents/projects/Hackathon/my_firmware/craftiai_sentinel/build/esp-idf/esp_app_format/CMakeFiles/__idf_esp_app_format.dir
Searching for files in directory C:/Users/vishn/Documents/projects/Hackathon/my_firmware/craftiai_sentinel/build/esp-idf/esp_bootloader_format
Searching for files in directory C:/Users/vishn/Documents/projects/Hackathon/my_firmware/craftiai_sentinel/build/esp-idf/esp_bootloader_format/CMakeFiles
Searching for files in directory C:/Users/vishn/Documents/projects/Hackathon/my_firmware/craftiai_sentinel/build/esp-idf/esp_bootloader_format/CMakeFiles/__idf_esp_bootloader_format.dir
Searching for files in directory C:/Users/vishn/Documents/projects/Hackathon/my_firmware/craftiai_sentinel/build/esp-idf/esp_coex
Searching for files in directory C:/Users/vishn/Documents/projects/Hackathon/my_firmware/craftiai_sentinel/build/esp-idf/esp_coex/CMakeFiles
Searching for files in directory C:/Users/vishn/Documents/projects/Hackathon/my_firmware/craftiai_sentinel/build/esp-idf/esp_coex/CMakeFiles/__idf_esp_coex.dir
Searching for files in directory C:/Users/vishn/Documents/projects/Hackathon/my_firmware/craftiai_sentinel/build/esp-idf/esp_coex/CMakeFiles/__idf_esp_coex.dir/esp32c3
Searching for files in directory C:/Users/vishn/Documents/projects/Hackathon/my_firmware/craftiai_sentinel/build/esp-idf/esp_coex/CMakeFiles/__idf_esp_coex.dir/src
Searching for files in directory C:/Users/vishn/Documents/projects/Hackathon/my_firmware/craftiai_sentinel/build/esp-idf/esp_common
Searching for files in directory C:/Users/vishn/Documents/projects/Hackathon/my_firmware/craftiai_sentinel/build/esp-idf/esp_common/CMakeFiles
Searching for files in directory C:/Users/vishn/Documents/projects/Hackathon/my_firmware/craftiai_sentinel/build/esp-idf/esp_common/CMakeFiles/__idf_esp_common.dir
Searching for files in directory C:/Users/vishn/Documents/projects/Hackathon/my_firmware/craftiai_sentinel/build/esp-idf/esp_common/CMakeFiles/__idf_esp_common.dir/src
Searching for files in directory C:/Users/vishn/Documents/projects/Hackathon/my_firmware/craftiai_sentinel/build/esp-idf/esp_driver_bitscrambler
Searching for files in directory C:/Users/vishn/Documents/projects/Hackathon/my_firmware/craftiai_sentinel/build/esp-idf/esp_driver_bitscrambler/CMakeFiles
Searching for files in directory C:/Users/vishn/Documents/projects/Hackathon/my_firmware/craftiai_sentinel/build/esp-idf/esp_driver_gpio
Searching for files in directory C:/Users/vishn/Documents/projects/Hackathon/my_firmware/craftiai_sentinel/build/esp-idf/esp_driver_gpio/CMakeFiles
Searching for files in directory C:/Users/vishn/Documents/projects/Hackathon/my_firmware/craftiai_sentinel/build/esp-idf/esp_driver_gpio/CMakeFiles/__idf_esp_driver_gpio.dir
Searching for files in directory C:/Users/vishn/Documents/projects/Hackathon/my_firmware/craftiai_sentinel/build/esp-idf/esp_driver_gpio/CMakeFiles/__idf_esp_driver_gpio.dir/src
Searching for files in directory C:/Users/vishn/Documents/projects/Hackathon/my_firmware/craftiai_sentinel/build/esp-idf/esp_driver_i2c
Searching for files in directory C:/Users/vishn/Documents/projects/Hackathon/my_firmware/craftiai_sentinel/build/esp-idf/esp_driver_i2c/CMakeFiles
Searching for files in directory C:/Users/vishn/Documents/projects/Hackathon/my_firmware/craftiai_sentinel/build/esp-idf/esp_driver_i2c/CMakeFiles/__idf_esp_driver_i2c.dir
Searching for files in directory C:/Users/vishn/Documents/projects/Hackathon/my_firmware/craftiai_sentinel/build/esp-idf/esp_driver_rmt
Searching for files in directory C:/Users/vishn/Documents/projects/Hackathon/my_firmware/craftiai_sentinel/build/esp-idf/esp_driver_rmt/CMakeFiles
Searching for files in directory C:/Users/vishn/Documents/projects/Hackathon/my_firmware/craftiai_sentinel/build/esp-idf/esp_driver_rmt/CMakeFiles/__idf_esp_driver_rmt.dir
Searching for files in directory C:/Users/vishn/Documents/projects/Hackathon/my_firmware/craftiai_sentinel/build/esp-idf/esp_driver_rmt/CMakeFiles/__idf_esp_driver_rmt.dir/src
Searching for files in directory C:/Users/vishn/Documents/projects/Hackathon/my_firmware/craftiai_sentinel/build/esp-idf/esp_driver_spi
Searching for files in directory C:/Users/vishn/Documents/projects/Hackathon/my_firmware/craftiai_sentinel/build/esp-idf/esp_driver_spi/CMakeFiles
Searching for files in directory C:/Users/vishn/Documents/projects/Hackathon/my_firmware/craftiai_sentinel/build/esp-idf/esp_driver_spi/CMakeFiles/__idf_esp_driver_spi.dir
Searching for files in directory C:/Users/vishn/Documents/projects/Hackathon/my_firmware/craftiai_sentinel/build/esp-idf/esp_driver_spi/CMakeFiles/__idf_esp_driver_spi.dir/src
Searching for files in directory C:/Users/vishn/Documents/projects/Hackathon/my_firmware/craftiai_sentinel/build/esp-idf/esp_driver_spi/CMakeFiles/__idf_esp_driver_spi.dir/src/gpspi
Searching for files in directory C:/Users/vishn/Documents/projects/Hackathon/my_firmware/craftiai_sentinel/build/esp-idf/esp_driver_uart
Searching for files in directory C:/Users/vishn/Documents/projects/Hackathon/my_firmware/craftiai_sentinel/build/esp-idf/esp_driver_uart/CMakeFiles
Searching for files in directory C:/Users/vishn/Documents/projects/Hackathon/my_firmware/craftiai_sentinel/build/esp-idf/esp_driver_uart/CMakeFiles/__idf_esp_driver_uart.dir
Searching for files in directory C:/Users/vishn/Documents/projects/Hackathon/my_firmware/craftiai_sentinel/build/esp-idf/esp_driver_uart/CMakeFiles/__idf_esp_driver_uart.dir/src
Searching for files in directory C:/Users/vishn/Documents/projects/Hackathon/my_firmware/craftiai_sentinel/build/esp-idf/esp_driver_usb_serial_jtag
Searching for files in directory C:/Users/vishn/Documents/projects/Hackathon/my_firmware/craftiai_sentinel/build/esp-idf/esp_driver_usb_serial_jtag/CMakeFiles
Searching for files in directory C:/Users/vishn/Documents/projects/Hackathon/my_firmware/craftiai_sentinel/build/esp-idf/esp_driver_usb_serial_jtag/CMakeFiles/__idf_esp_driver_usb_serial_jtag.dir
Searching for files in directory C:/Users/vishn/Documents/projects/Hackathon/my_firmware/craftiai_sentinel/build/esp-idf/esp_driver_usb_serial_jtag/CMakeFiles/__idf_esp_driver_usb_serial_jtag.dir/src
Searching for files in directory C:/Users/vishn/Documents/projects/Hackathon/my_firmware/craftiai_sentinel/build/esp-idf/esp_event
Searching for files in directory C:/Users/vishn/Documents/projects/Hackathon/my_firmware/craftiai_sentinel/build/esp-idf/esp_event/CMakeFiles
Searching for files in directory C:/Users/vishn/Documents/projects/Hackathon/my_firmware/craftiai_sentinel/build/esp-idf/esp_event/CMakeFiles/__idf_esp_event.dir
Searching for files in directory C:/Users/vishn/Documents/projects/Hackathon/my_firmware/craftiai_sentinel/build/esp-idf/esp_http_server
Searching for files in directory C:/Users/vishn/Documents/projects/Hackathon/my_firmware/craftiai_sentinel/build/esp-idf/esp_http_server/CMakeFiles
Searching for files in directory C:/Users/vishn/Documents/projects/Hackathon/my_firmware/craftiai_sentinel/build/esp-idf/esp_http_server/CMakeFiles/__idf_esp_http_server.dir
Searching for files in directory C:/Users/vishn/Documents/projects/Hackathon/my_firmware/craftiai_sentinel/build/esp-idf/esp_http_server/CMakeFiles/__idf_esp_http_server.dir/src
Searching for files in directory C:/Users/vishn/Documents/projects/Hackathon/my_firmware/craftiai_sentinel/build/esp-idf/esp_http_server/CMakeFiles/__idf_esp_http_server.dir/src/util
Searching for files in directory C:/Users/vishn/Documents/projects/Hackathon/my_firmware/craftiai_sentinel/build/esp-idf/esp_hw_support
Searching for files in directory C:/Users/vishn/Documents/projects/Hackathon/my_firmware/craftiai_sentinel/build/esp-idf/esp_hw_support/CMakeFiles
Searching for files in directory C:/Users/vishn/Documents/projects/Hackathon/my_firmware/craftiai_sentinel/build/esp-idf/esp_hw_support/CMakeFiles/__idf_esp_hw_support.dir
Searching for files in directory C:/Users/vishn/Documents/projects/Hackathon/my_firmware/craftiai_sentinel/build/esp-idf/esp_hw_support/CMakeFiles/__idf_esp_hw_support.dir/deprecated
Searching for files in directory C:/Users/vishn/Documents/projects/Hackathon/my_firmware/craftiai_sentinel/build/esp-idf/esp_hw_support/CMakeFiles/__idf_esp_hw_support.dir/dma
Searching for files in directory C:/Users/vishn/Documents/projects/Hackathon/my_firmware/craftiai_sentinel/build/esp-idf/esp_hw_support/CMakeFiles/__idf_esp_hw_support.dir/lowpower
Searching for files in directory C:/Users/vishn/Documents/projects/Hackathon/my_firmware/craftiai_sentinel/build/esp-idf/esp_hw_support/CMakeFiles/__idf_esp_hw_support.dir/lowpower/port
Searching for files in directory C:/Users/vishn/Documents/projects/Hackathon/my_firmware/craftiai_sentinel/build/esp-idf/esp_hw_support/CMakeFiles/__idf_esp_hw_support.dir/lowpower/port/esp32c3
Searching for files in directory C:/Users/vishn/Documents/projects/Hackathon/my_firmware/craftiai_sentinel/build/esp-idf/esp_hw_support/CMakeFiles/__idf_esp_hw_support.dir/mspi_timing_tuning
Searching for files in directory C:/Users/vishn/Documents/projects/Hackathon/my_firmware/craftiai_sentinel/build/esp-idf/esp_hw_support/CMakeFiles/__idf_esp_hw_support.dir/port
Searching for files in directory C:/Users/vishn/Documents/projects/Hackathon/my_firmware/craftiai_sentinel/build/esp-idf/esp_hw_support/CMakeFiles/__idf_esp_hw_support.dir/port/esp32c3
Searching for files in directory C:/Users/vishn/Documents/projects/Hackathon/my_firmware/craftiai_sentinel/build/esp-idf/esp_hw_support/CMakeFiles/__idf_esp_hw_support.dir/power_supply
Searching for files in directory C:/Users/vishn/Documents/projects/Hackathon/my_firmware/craftiai_sentinel/build/esp-idf/esp_hw_support/lowpower
Searching for files in directory C:/Users/vishn/Documents/projects/Hackathon/my_firmware/craftiai_sentinel/build/esp-idf/esp_hw_support/lowpower/CMakeFiles
Searching for files in directory C:/Users/vishn/Documents/projects/Hackathon/my_firmware/craftiai_sentinel/build/esp-idf/esp_hw_support/port
Searching for files in directory C:/Users/vishn/Documents/projects/Hackathon/my_firmware/craftiai_sentinel/build/esp-idf/esp_hw_support/port/esp32c3
Searching for files in directory C:/Users/vishn/Documents/projects/Hackathon/my_firmware/craftiai_sentinel/build/esp-idf/esp_hw_support/port/esp32c3/CMakeFiles
Searching for files in directory C:/Users/vishn/Documents/projects/Hackathon/my_firmware/craftiai_sentinel/build/esp-idf/esp_mm
Searching for files in directory C:/Users/vishn/Documents/projects/Hackathon/my_firmware/craftiai_sentinel/build/esp-idf/esp_mm/CMakeFiles
Searching for files in directory C:/Users/vishn/Documents/projects/Hackathon/my_firmware/craftiai_sentinel/build/esp-idf/esp_mm/CMakeFiles/__idf_esp_mm.dir
Searching for files in directory C:/Users/vishn/Documents/projects/Hackathon/my_firmware/craftiai_sentinel/build/esp-idf/esp_mm/CMakeFiles/__idf_esp_mm.dir/port
Searching for files in directory C:/Users/vishn/Documents/projects/Hackathon/my_firmware/craftiai_sentinel/build/esp-idf/esp_mm/CMakeFiles/__idf_esp_mm.dir/port/esp32c3
Searching for files in directory C:/Users/vishn/Documents/projects/Hackathon/my_firmware/craftiai_sentinel/build/esp-idf/esp_netif
Searching for files in directory C:/Users/vishn/Documents/projects/Hackathon/my_firmware/craftiai_sentinel/build/esp-idf/esp_netif/CMakeFiles
Searching for files in directory C:/Users/vishn/Documents/projects/Hackathon/my_firmware/craftiai_sentinel/build/esp-idf/esp_netif/CMakeFiles/__idf_esp_netif.dir
Searching for files in directory C:/Users/vishn/Documents/projects/Hackathon/my_firmware/craftiai_sentinel/build/esp-idf/esp_netif/CMakeFiles/__idf_esp_netif.dir/lwip
Searching for files in directory C:/Users/vishn/Documents/projects/Hackathon/my_firmware/craftiai_sentinel/build/esp-idf/esp_netif/CMakeFiles/__idf_esp_netif.dir/lwip/netif
Searching for files in directory C:/Users/vishn/Documents/projects/Hackathon/my_firmware/craftiai_sentinel/build/esp-idf/esp_netif_stack
Searching for files in directory C:/Users/vishn/Documents/projects/Hackathon/my_firmware/craftiai_sentinel/build/esp-idf/esp_netif_stack/CMakeFiles
Searching for files in directory C:/Users/vishn/Documents/projects/Hackathon/my_firmware/craftiai_sentinel/build/esp-idf/esp_partition
Searching for files in directory C:/Users/vishn/Documents/projects/Hackathon/my_firmware/craftiai_sentinel/build/esp-idf/esp_partition/CMakeFiles
Searching for files in directory C:/Users/vishn/Documents/projects/Hackathon/my_firmware/craftiai_sentinel/build/esp-idf/esp_partition/CMakeFiles/__idf_esp_partition.dir
Searching for files in directory C:/Users/vishn/Documents/projects/Hackathon/my_firmware/craftiai_sentinel/build/esp-idf/esp_phy
Searching for files in directory C:/Users/vishn/Documents/projects/Hackathon/my_firmware/craftiai_sentinel/build/esp-idf/esp_phy/CMakeFiles
Searching for files in directory C:/Users/vishn/Documents/projects/Hackathon/my_firmware/craftiai_sentinel/build/esp-idf/esp_phy/CMakeFiles/__idf_esp_phy.dir
Searching for files in directory C:/Users/vishn/Documents/projects/Hackathon/my_firmware/craftiai_sentinel/build/esp-idf/esp_phy/CMakeFiles/__idf_esp_phy.dir/esp32c3
Searching for files in directory C:/Users/vishn/Documents/projects/Hackathon/my_firmware/craftiai_sentinel/build/esp-idf/esp_phy/CMakeFiles/__idf_esp_phy.dir/src
Searching for files in directory C:/Users/vishn/Documents/projects/Hackathon/my_firmware/craftiai_sentinel/build/esp-idf/esp_pm
Searching for files in directory C:/Users/vishn/Documents/projects/Hackathon/my_firmware/craftiai_sentinel/build/esp-idf/esp_pm/CMakeFiles
Searching for files in directory C:/Users/vishn/Documents/projects/Hackathon/my_firmware/craftiai_sentinel/build/esp-idf/esp_pm/CMakeFiles/__idf_esp_pm.dir
Searching for files in directory C:/Users/vishn/Documents/projects/Hackathon/my_firmware/craftiai_sentinel/build/esp-idf/esp_ringbuf
Searching for files in directory C:/Users/vishn/Documents/projects/Hackathon/my_firmware/craftiai_sentinel/build/esp-idf/esp_ringbuf/CMakeFiles
Searching for files in directory C:/Users/vishn/Documents/projects/Hackathon/my_firmware/craftiai_sentinel/build/esp-idf/esp_ringbuf/CMakeFiles/__idf_esp_ringbuf.dir
Searching for files in directory C:/Users/vishn/Documents/projects/Hackathon/my_firmware/craftiai_sentinel/build/esp-idf/esp_rom
Searching for files in directory C:/Users/vishn/Documents/projects/Hackathon/my_firmware/craftiai_sentinel/build/esp-idf/esp_rom/CMakeFiles
Searching for files in directory C:/Users/vishn/Documents/projects/Hackathon/my_firmware/craftiai_sentinel/build/esp-idf/esp_rom/CMakeFiles/__idf_esp_rom.dir
Searching for files in directory C:/Users/vishn/Documents/projects/Hackathon/my_firmware/craftiai_sentinel/build/esp-idf/esp_rom/CMakeFiles/__idf_esp_rom.dir/patches
Searching for files in directory C:/Users/vishn/Documents/projects/Hackathon/my_firmware/craftiai_sentinel/build/esp-idf/esp_security
Searching for files in directory C:/Users/vishn/Documents/projects/Hackathon/my_firmware/craftiai_sentinel/build/esp-idf/esp_security/CMakeFiles
Searching for files in directory C:/Users/vishn/Documents/projects/Hackathon/my_firmware/craftiai_sentinel/build/esp-idf/esp_security/CMakeFiles/__idf_esp_security.dir
Searching for files in directory C:/Users/vishn/Documents/projects/Hackathon/my_firmware/craftiai_sentinel/build/esp-idf/esp_security/CMakeFiles/__idf_esp_security.dir/src
Searching for files in directory C:/Users/vishn/Documents/projects/Hackathon/my_firmware/craftiai_sentinel/build/esp-idf/esp_system
Searching for files in directory C:/Users/vishn/Documents/projects/Hackathon/my_firmware/craftiai_sentinel/build/esp-idf/esp_system/CMakeFiles
Searching for files in directory C:/Users/vishn/Documents/projects/Hackathon/my_firmware/craftiai_sentinel/build/esp-idf/esp_system/CMakeFiles/__idf_esp_system.dir
Searching for files in directory C:/Users/vishn/Documents/projects/Hackathon/my_firmware/craftiai_sentinel/build/esp-idf/esp_system/CMakeFiles/__idf_esp_system.dir/port
Searching for files in directory C:/Users/vishn/Documents/projects/Hackathon/my_firmware/craftiai_sentinel/build/esp-idf/esp_system/CMakeFiles/__idf_esp_system.dir/port/arch
Searching for files in directory C:/Users/vishn/Documents/projects/Hackathon/my_firmware/craftiai_sentinel/build/esp-idf/esp_system/CMakeFiles/__idf_esp_system.dir/port/arch/riscv
Searching for files in directory C:/Users/vishn/Documents/projects/Hackathon/my_firmware/craftiai_sentinel/build/esp-idf/esp_system/CMakeFiles/__idf_esp_system.dir/port/soc
Searching for files in directory C:/Users/vishn/Documents/projects/Hackathon/my_firmware/craftiai_sentinel/build/esp-idf/esp_system/CMakeFiles/__idf_esp_system.dir/port/soc/esp32c3
Searching for files in directory C:/Users/vishn/Documents/projects/Hackathon/my_firmware/craftiai_sentinel/build/esp-idf/esp_system/CMakeFiles/__idf_esp_system.dir/task_wdt
Searching for files in directory C:/Users/vishn/Documents/projects/Hackathon/my_firmware/craftiai_sentinel/build/esp-idf/esp_system/ld
Searching for files in directory C:/Users/vishn/Documents/projects/Hackathon/my_firmware/craftiai_sentinel/build/esp-idf/esp_system/port
Searching for files in directory C:/Users/vishn/Documents/projects/Hackathon/my_firmware/craftiai_sentinel/build/esp-idf/esp_system/port/CMakeFiles
Searching for files in directory C:/Users/vishn/Documents/projects/Hackathon/my_firmware/craftiai_sentinel/build/esp-idf/esp_system/port/soc
Searching for files in directory C:/Users/vishn/Documents/projects/Hackathon/my_firmware/craftiai_sentinel/build/esp-idf/esp_system/port/soc/esp32c3
Searching for files in directory C:/Users/vishn/Documents/projects/Hackathon/my_firmware/craftiai_sentinel/build/esp-idf/esp_system/port/soc/esp32c3/CMakeFiles
Searching for files in directory C:/Users/vishn/Documents/projects/Hackathon/my_firmware/craftiai_sentinel/build/esp-idf/esp_timer
Searching for files in directory C:/Users/vishn/Documents/projects/Hackathon/my_firmware/craftiai_sentinel/build/esp-idf/esp_timer/CMakeFiles
Searching for files in directory C:/Users/vishn/Documents/projects/Hackathon/my_firmware/craftiai_sentinel/build/esp-idf/esp_timer/CMakeFiles/__idf_esp_timer.dir
Searching for files in directory C:/Users/vishn/Documents/projects/Hackathon/my_firmware/craftiai_sentinel/build/esp-idf/esp_timer/CMakeFiles/__idf_esp_timer.dir/src
Searching for files in directory C:/Users/vishn/Documents/projects/Hackathon/my_firmware/craftiai_sentinel/build/esp-idf/esp_vfs_console
Searching for files in directory C:/Users/vishn/Documents/projects/Hackathon/my_firmware/craftiai_sentinel/build/esp-idf/esp_vfs_console/CMakeFiles
Searching for files in directory C:/Users/vishn/Documents/projects/Hackathon/my_firmware/craftiai_sentinel/build/esp-idf/esp_vfs_console/CMakeFiles/__idf_esp_vfs_console.dir
Searching for files in directory C:/Users/vishn/Documents/projects/Hackathon/my_firmware/craftiai_sentinel/build/esp-idf/esp_wifi
Searching for files in directory C:/Users/vishn/Documents/projects/Hackathon/my_firmware/craftiai_sentinel/build/esp-idf/esp_wifi/CMakeFiles
Searching for files in directory C:/Users/vishn/Documents/projects/Hackathon/my_firmware/craftiai_sentinel/build/esp-idf/esp_wifi/CMakeFiles/__idf_esp_wifi.dir
Searching for files in directory C:/Users/vishn/Documents/projects/Hackathon/my_firmware/craftiai_sentinel/build/esp-idf/esp_wifi/CMakeFiles/__idf_esp_wifi.dir/esp32c3
Searching for files in directory C:/Users/vishn/Documents/projects/Hackathon/my_firmware/craftiai_sentinel/build/esp-idf/esp_wifi/CMakeFiles/__idf_esp_wifi.dir/regulatory
Searching for files in directory C:/Users/vishn/Documents/projects/Hackathon/my_firmware/craftiai_sentinel/build/esp-idf/esp_wifi/CMakeFiles/__idf_esp_wifi.dir/src
Searching for files in directory C:/Users/vishn/Documents/projects/Hackathon/my_firmware/craftiai_sentinel/build/esp-idf/firmgen_telemetry
Searching for files in directory C:/Users/vishn/Documents/projects/Hackathon/my_firmware/craftiai_sentinel/build/esp-idf/firmgen_telemetry/CMakeFiles
Searching for files in directory C:/Users/vishn/Documents/projects/Hackathon/my_firmware/craftiai_sentinel/build/esp-idf/firmgen_telemetry/CMakeFiles/__idf_firmgen_telemetry.dir
Searching for files in directory C:/Users/vishn/Documents/projects/Hackathon/my_firmware/craftiai_sentinel/build/esp-idf/freertos
Searching for files in directory C:/Users/vishn/Documents/projects/Hackathon/my_firmware/craftiai_sentinel/build/esp-idf/freertos/CMakeFiles
Searching for files in directory C:/Users/vishn/Documents/projects/Hackathon/my_firmware/craftiai_sentinel/build/esp-idf/freertos/CMakeFiles/__idf_freertos.dir
Searching for files in directory C:/Users/vishn/Documents/projects/Hackathon/my_firmware/craftiai_sentinel/build/esp-idf/freertos/CMakeFiles/__idf_freertos.dir/esp_additions
Searching for files in directory C:/Users/vishn/Documents/projects/Hackathon/my_firmware/craftiai_sentinel/build/esp-idf/freertos/CMakeFiles/__idf_freertos.dir/FreeRTOS-Kernel
Searching for files in directory C:/Users/vishn/Documents/projects/Hackathon/my_firmware/craftiai_sentinel/build/esp-idf/freertos/CMakeFiles/__idf_freertos.dir/FreeRTOS-Kernel/portable
Searching for files in directory C:/Users/vishn/Documents/projects/Hackathon/my_firmware/craftiai_sentinel/build/esp-idf/freertos/CMakeFiles/__idf_freertos.dir/FreeRTOS-Kernel/portable/riscv
Searching for files in directory C:/Users/vishn/Documents/projects/Hackathon/my_firmware/craftiai_sentinel/build/esp-idf/hal
Searching for files in directory C:/Users/vishn/Documents/projects/Hackathon/my_firmware/craftiai_sentinel/build/esp-idf/hal/CMakeFiles
Searching for files in directory C:/Users/vishn/Documents/projects/Hackathon/my_firmware/craftiai_sentinel/build/esp-idf/hal/CMakeFiles/__idf_hal.dir
Searching for files in directory C:/Users/vishn/Documents/projects/Hackathon/my_firmware/craftiai_sentinel/build/esp-idf/hal/CMakeFiles/__idf_hal.dir/esp32c3
Searching for files in directory C:/Users/vishn/Documents/projects/Hackathon/my_firmware/craftiai_sentinel/build/esp-idf/heap
Searching for files in directory C:/Users/vishn/Documents/projects/Hackathon/my_firmware/craftiai_sentinel/build/esp-idf/heap/CMakeFiles
Searching for files in directory C:/Users/vishn/Documents/projects/Hackathon/my_firmware/craftiai_sentinel/build/esp-idf/heap/CMakeFiles/__idf_heap.dir
Searching for files in directory C:/Users/vishn/Documents/projects/Hackathon/my_firmware/craftiai_sentinel/build/esp-idf/heap/CMakeFiles/__idf_heap.dir/port
Searching for files in directory C:/Users/vishn/Documents/projects/Hackathon/my_firmware/craftiai_sentinel/build/esp-idf/heap/CMakeFiles/__idf_heap.dir/port/esp32c3
Searching for files in directory C:/Users/vishn/Documents/projects/Hackathon/my_firmware/craftiai_sentinel/build/esp-idf/heap/CMakeFiles/__idf_heap.dir/tlsf
Searching for files in directory C:/Users/vishn/Documents/projects/Hackathon/my_firmware/craftiai_sentinel/build/esp-idf/http_parser
Searching for files in directory C:/Users/vishn/Documents/projects/Hackathon/my_firmware/craftiai_sentinel/build/esp-idf/http_parser/CMakeFiles
Searching for files in directory C:/Users/vishn/Documents/projects/Hackathon/my_firmware/craftiai_sentinel/build/esp-idf/http_parser/CMakeFiles/__idf_http_parser.dir
Searching for files in directory C:/Users/vishn/Documents/projects/Hackathon/my_firmware/craftiai_sentinel/build/esp-idf/log
Searching for files in directory C:/Users/vishn/Documents/projects/Hackathon/my_firmware/craftiai_sentinel/build/esp-idf/log/CMakeFiles
Searching for files in directory C:/Users/vishn/Documents/projects/Hackathon/my_firmware/craftiai_sentinel/build/esp-idf/log/CMakeFiles/__idf_log.dir
Searching for files in directory C:/Users/vishn/Documents/projects/Hackathon/my_firmware/craftiai_sentinel/build/esp-idf/log/CMakeFiles/__idf_log.dir/src
Searching for files in directory C:/Users/vishn/Documents/projects/Hackathon/my_firmware/craftiai_sentinel/build/esp-idf/log/CMakeFiles/__idf_log.dir/src/buffer
Searching for files in directory C:/Users/vishn/Documents/projects/Hackathon/my_firmware/craftiai_sentinel/build/esp-idf/log/CMakeFiles/__idf_log.dir/src/log_level
Searching for files in directory C:/Users/vishn/Documents/projects/Hackathon/my_firmware/craftiai_sentinel/build/esp-idf/log/CMakeFiles/__idf_log.dir/src/log_level/tag_log_level
Searching for files in directory C:/Users/vishn/Documents/projects/Hackathon/my_firmware/craftiai_sentinel/build/esp-idf/log/CMakeFiles/__idf_log.dir/src/log_level/tag_log_level/cache
Searching for files in directory C:/Users/vishn/Documents/projects/Hackathon/my_firmware/craftiai_sentinel/build/esp-idf/log/CMakeFiles/__idf_log.dir/src/log_level/tag_log_level/linked_list
Searching for files in directory C:/Users/vishn/Documents/projects/Hackathon/my_firmware/craftiai_sentinel/build/esp-idf/log/CMakeFiles/__idf_log.dir/src/os
Searching for files in directory C:/Users/vishn/Documents/projects/Hackathon/my_firmware/craftiai_sentinel/build/esp-idf/lwip
Searching for files in directory C:/Users/vishn/Documents/projects/Hackathon/my_firmware/craftiai_sentinel/build/esp-idf/lwip/CMakeFiles
Searching for files in directory C:/Users/vishn/Documents/projects/Hackathon/my_firmware/craftiai_sentinel/build/esp-idf/lwip/CMakeFiles/__idf_lwip.dir
Searching for files in directory C:/Users/vishn/Documents/projects/Hackathon/my_firmware/craftiai_sentinel/build/esp-idf/lwip/CMakeFiles/__idf_lwip.dir/apps
Searching for files in directory C:/Users/vishn/Documents/projects/Hackathon/my_firmware/craftiai_sentinel/build/esp-idf/lwip/CMakeFiles/__idf_lwip.dir/apps/dhcpserver
Searching for files in directory C:/Users/vishn/Documents/projects/Hackathon/my_firmware/craftiai_sentinel/build/esp-idf/lwip/CMakeFiles/__idf_lwip.dir/apps/ping
Searching for files in directory C:/Users/vishn/Documents/projects/Hackathon/my_firmware/craftiai_sentinel/build/esp-idf/lwip/CMakeFiles/__idf_lwip.dir/apps/sntp
Searching for files in directory C:/Users/vishn/Documents/projects/Hackathon/my_firmware/craftiai_sentinel/build/esp-idf/lwip/CMakeFiles/__idf_lwip.dir/lwip
Searching for files in directory C:/Users/vishn/Documents/projects/Hackathon/my_firmware/craftiai_sentinel/build/esp-idf/lwip/CMakeFiles/__idf_lwip.dir/lwip/src
Searching for files in directory C:/Users/vishn/Documents/projects/Hackathon/my_firmware/craftiai_sentinel/build/esp-idf/lwip/CMakeFiles/__idf_lwip.dir/lwip/src/api
Searching for files in directory C:/Users/vishn/Documents/projects/Hackathon/my_firmware/craftiai_sentinel/build/esp-idf/lwip/CMakeFiles/__idf_lwip.dir/lwip/src/apps
Searching for files in directory C:/Users/vishn/Documents/projects/Hackathon/my_firmware/craftiai_sentinel/build/esp-idf/lwip/CMakeFiles/__idf_lwip.dir/lwip/src/apps/netbiosns
Searching for files in directory C:/Users/vishn/Documents/projects/Hackathon/my_firmware/craftiai_sentinel/build/esp-idf/lwip/CMakeFiles/__idf_lwip.dir/lwip/src/apps/sntp
Searching for files in directory C:/Users/vishn/Documents/projects/Hackathon/my_firmware/craftiai_sentinel/build/esp-idf/lwip/CMakeFiles/__idf_lwip.dir/lwip/src/core
Searching for files in directory C:/Users/vishn/Documents/projects/Hackathon/my_firmware/craftiai_sentinel/build/esp-idf/lwip/CMakeFiles/__idf_lwip.dir/lwip/src/core/ipv4
Searching for files in directory C:/Users/vishn/Documents/projects/Hackathon/my_firmware/craftiai_sentinel/build/esp-idf/lwip/CMakeFiles/__idf_lwip.dir/lwip/src/core/ipv6
Searching for files in directory C:/Users/vishn/Documents/projects/Hackathon/my_firmware/craftiai_sentinel/build/esp-idf/lwip/CMakeFiles/__idf_lwip.dir/lwip/src/netif
Searching for files in directory C:/Users/vishn/Documents/projects/Hackathon/my_firmware/craftiai_sentinel/build/esp-idf/lwip/CMakeFiles/__idf_lwip.dir/lwip/src/netif/ppp
Searching for files in directory C:/Users/vishn/Documents/projects/Hackathon/my_firmware/craftiai_sentinel/build/esp-idf/lwip/CMakeFiles/__idf_lwip.dir/lwip/src/netif/ppp/polarssl
Searching for files in directory C:/Users/vishn/Documents/projects/Hackathon/my_firmware/craftiai_sentinel/build/esp-idf/lwip/CMakeFiles/__idf_lwip.dir/port
Searching for files in directory C:/Users/vishn/Documents/projects/Hackathon/my_firmware/craftiai_sentinel/build/esp-idf/lwip/CMakeFiles/__idf_lwip.dir/port/debug
Searching for files in directory C:/Users/vishn/Documents/projects/Hackathon/my_firmware/craftiai_sentinel/build/esp-idf/lwip/CMakeFiles/__idf_lwip.dir/port/esp32xx
Searching for files in directory C:/Users/vishn/Documents/projects/Hackathon/my_firmware/craftiai_sentinel/build/esp-idf/lwip/CMakeFiles/__idf_lwip.dir/port/freertos
Searching for files in directory C:/Users/vishn/Documents/projects/Hackathon/my_firmware/craftiai_sentinel/build/esp-idf/lwip/CMakeFiles/__idf_lwip.dir/port/hooks
Searching for files in directory C:/Users/vishn/Documents/projects/Hackathon/my_firmware/craftiai_sentinel/build/esp-idf/main
Searching for files in directory C:/Users/vishn/Documents/projects/Hackathon/my_firmware/craftiai_sentinel/build/esp-idf/main/CMakeFiles
Searching for files in directory C:/Users/vishn/Documents/projects/Hackathon/my_firmware/craftiai_sentinel/build/esp-idf/main/CMakeFiles/__idf_main.dir
Searching for files in directory C:/Users/vishn/Documents/projects/Hackathon/my_firmware/craftiai_sentinel/build/esp-idf/main/CMakeFiles/__idf_main.dir/__
Searching for files in directory C:/Users/vishn/Documents/projects/Hackathon/my_firmware/craftiai_sentinel/build/esp-idf/main/CMakeFiles/__idf_main.dir/__/firmware
Searching for files in directory C:/Users/vishn/Documents/projects/Hackathon/my_firmware/craftiai_sentinel/build/esp-idf/main/CMakeFiles/__idf_main.dir/__/firmware/app
Searching for files in directory C:/Users/vishn/Documents/projects/Hackathon/my_firmware/craftiai_sentinel/build/esp-idf/main/CMakeFiles/__idf_main.dir/__/firmware/platforms
Searching for files in directory C:/Users/vishn/Documents/projects/Hackathon/my_firmware/craftiai_sentinel/build/esp-idf/main/CMakeFiles/__idf_main.dir/__/firmware/platforms/esp32
Searching for files in directory C:/Users/vishn/Documents/projects/Hackathon/my_firmware/craftiai_sentinel/build/esp-idf/main/CMakeFiles/__idf_main.dir/__/firmware/services
Searching for files in directory C:/Users/vishn/Documents/projects/Hackathon/my_firmware/craftiai_sentinel/build/esp-idf/main/CMakeFiles/__idf_main.dir/__/firmware/utils
Searching for files in directory C:/Users/vishn/Documents/projects/Hackathon/my_firmware/craftiai_sentinel/build/esp-idf/main/CMakeFiles/__idf_main.dir/__/firmware/utils/helpers
Searching for files in directory C:/Users/vishn/Documents/projects/Hackathon/my_firmware/craftiai_sentinel/build/esp-idf/main/CMakeFiles/__idf_main.dir/__/firmware/utils/logger
Searching for files in directory C:/Users/vishn/Documents/projects/Hackathon/my_firmware/craftiai_sentinel/build/esp-idf/mbedtls
Searching for files in directory C:/Users/vishn/Documents/projects/Hackathon/my_firmware/craftiai_sentinel/build/esp-idf/mbedtls/CMakeFiles
Searching for files in directory C:/Users/vishn/Documents/projects/Hackathon/my_firmware/craftiai_sentinel/build/esp-idf/mbedtls/CMakeFiles/__idf_mbedtls.dir
Searching for files in directory C:/Users/vishn/Documents/projects/Hackathon/my_firmware/craftiai_sentinel/build/esp-idf/mbedtls/CMakeFiles/__idf_mbedtls.dir/esp_crt_bundle
Searching for files in directory C:/Users/vishn/Documents/projects/Hackathon/my_firmware/craftiai_sentinel/build/esp-idf/mbedtls/CMakeFiles/__idf_mbedtls.dir/__
Searching for files in directory C:/Users/vishn/Documents/projects/Hackathon/my_firmware/craftiai_sentinel/build/esp-idf/mbedtls/CMakeFiles/__idf_mbedtls.dir/__/__
Searching for files in directory C:/Users/vishn/Documents/projects/Hackathon/my_firmware/craftiai_sentinel/build/esp-idf/mbedtls/mbedtls
Searching for files in directory C:/Users/vishn/Documents/projects/Hackathon/my_firmware/craftiai_sentinel/build/esp-idf/mbedtls/mbedtls/3rdparty
Searching for files in directory C:/Users/vishn/Documents/projects/Hackathon/my_firmware/craftiai_sentinel/build/esp-idf/mbedtls/mbedtls/3rdparty/CMakeFiles
Searching for files in directory C:/Users/vishn/Documents/projects/Hackathon/my_firmware/craftiai_sentinel/build/esp-idf/mbedtls/mbedtls/3rdparty/everest
Searching for files in directory C:/Users/vishn/Documents/projects/Hackathon/my_firmware/craftiai_sentinel/build/esp-idf/mbedtls/mbedtls/3rdparty/everest/CMakeFiles
Searching for files in directory C:/Users/vishn/Documents/projects/Hackathon/my_firmware/craftiai_sentinel/build/esp-idf/mbedtls/mbedtls/3rdparty/everest/CMakeFiles/everest.dir
Searching for files in directory C:/Users/vishn/Documents/projects/Hackathon/my_firmware/craftiai_sentinel/build/esp-idf/mbedtls/mbedtls/3rdparty/everest/CMakeFiles/everest.dir/library
Searching for files in directory C:/Users/vishn/Documents/projects/Hackathon/my_firmware/craftiai_sentinel/build/esp-idf/mbedtls/mbedtls/3rdparty/p256-m
Searching for files in directory C:/Users/vishn/Documents/projects/Hackathon/my_firmware/craftiai_sentinel/build/esp-idf/mbedtls/mbedtls/3rdparty/p256-m/CMakeFiles
Searching for files in directory C:/Users/vishn/Documents/projects/Hackathon/my_firmware/craftiai_sentinel/build/esp-idf/mbedtls/mbedtls/3rdparty/p256-m/CMakeFiles/p256m.dir
Searching for files in directory C:/Users/vishn/Documents/projects/Hackathon/my_firmware/craftiai_sentinel/build/esp-idf/mbedtls/mbedtls/3rdparty/p256-m/CMakeFiles/p256m.dir/p256-m
Searching for files in directory C:/Users/vishn/Documents/projects/Hackathon/my_firmware/craftiai_sentinel/build/esp-idf/mbedtls/mbedtls/CMakeFiles
Searching for files in directory C:/Users/vishn/Documents/projects/Hackathon/my_firmware/craftiai_sentinel/build/esp-idf/mbedtls/mbedtls/include
Searching for files in directory C:/Users/vishn/Documents/projects/Hackathon/my_firmware/craftiai_sentinel/build/esp-idf/mbedtls/mbedtls/include/CMakeFiles
Searching for files in directory C:/Users/vishn/Documents/projects/Hackathon/my_firmware/craftiai_sentinel/build/esp-idf/mbedtls/mbedtls/library
Searching for files in directory C:/Users/vishn/Documents/projects/Hackathon/my_firmware/craftiai_sentinel/build/esp-idf/mbedtls/mbedtls/library/CMakeFiles
Searching for files in directory C:/Users/vishn/Documents/projects/Hackathon/my_firmware/craftiai_sentinel/build/esp-idf/mbedtls/mbedtls/library/CMakeFiles/mbedcrypto.dir
Searching for files in directory C:/Users/vishn/Documents/projects/Hackathon/my_firmware/craftiai_sentinel/build/esp-idf/mbedtls/mbedtls/library/CMakeFiles/mbedcrypto.dir/C_
Searching for files in directory C:/Users/vishn/Documents/projects/Hackathon/my_firmware/craftiai_sentinel/build/esp-idf/mbedtls/mbedtls/library/CMakeFiles/mbedcrypto.dir/C_/Espressif
Searching for files in directory C:/Users/vishn/Documents/projects/Hackathon/my_firmware/craftiai_sentinel/build/esp-idf/mbedtls/mbedtls/library/CMakeFiles/mbedcrypto.dir/C_/Espressif/esp-idf-release-v5.5
Searching for files in directory C:/Users/vishn/Documents/projects/Hackathon/my_firmware/craftiai_sentinel/build/esp-idf/mbedtls/mbedtls/library/CMakeFiles/mbedcrypto.dir/C_/Espressif/esp-idf-release-v5.5/components
Searching for files in directory C:/Users/vishn/Documents/projects/Hackathon/my_firmware/craftiai_sentinel/build/esp-idf/mbedtls/mbedtls/library/CMakeFiles/mbedcrypto.dir/C_/Espressif/esp-idf-release-v5.5/components/mbedtls
Searching for files in directory C:/Users/vishn/Documents/projects/Hackathon/my_firmware/craftiai_sentinel/build/esp-idf/mbedtls/mbedtls/library/CMakeFiles/mbedcrypto.dir/C_/Espressif/esp-idf-release-v5.5/components/mbedtls/port
Searching for files in directory C:/Users/vishn/Documents/projects/Hackathon/my_firmware/craftiai_sentinel/build/esp-idf/mbedtls/mbedtls/library/CMakeFiles/mbedcrypto.dir/C_/Espressif/esp-idf-release-v5.5/components/mbedtls/port/aes
Searching for files in directory C:/Users/vishn/Documents/projects/Hackathon/my_firmware/craftiai_sentinel/build/esp-idf/mbedtls/mbedtls/library/CMakeFiles/mbedcrypto.dir/C_/Espressif/esp-idf-release-v5.5/components/mbedtls/port/aes/dma
Searching for files in directory C:/Users/vishn/Documents/projects/Hackathon/my_firmware/craftiai_sentinel/build/esp-idf/mbedtls/mbedtls/library/CMakeFiles/mbedcrypto.dir/C_/Espressif/esp-idf-release-v5.5/components/mbedtls/port/bignum
Searching for files in directory C:/Users/vishn/Documents/projects/Hackathon/my_firmware/craftiai_sentinel/build/esp-idf/mbedtls/mbedtls/library/CMakeFiles/mbedcrypto.dir/C_/Espressif/esp-idf-release-v5.5/components/mbedtls/port/crypto_shared_gdma
Searching for files in directory C:/Users/vishn/Documents/projects/Hackathon/my_firmware/craftiai_sentinel/build/esp-idf/mbedtls/mbedtls/library/CMakeFiles/mbedcrypto.dir/C_/Espressif/esp-idf-release-v5.5/components/mbedtls/port/md
Searching for files in directory C:/Users/vishn/Documents/projects/Hackathon/my_firmware/craftiai_sentinel/build/esp-idf/mbedtls/mbedtls/library/CMakeFiles/mbedcrypto.dir/C_/Espressif/esp-idf-release-v5.5/components/mbedtls/port/sha
Searching for files in directory C:/Users/vishn/Documents/projects/Hackathon/my_firmware/craftiai_sentinel/build/esp-idf/mbedtls/mbedtls/library/CMakeFiles/mbedcrypto.dir/C_/Espressif/esp-idf-release-v5.5/components/mbedtls/port/sha/core
Searching for files in directory C:/Users/vishn/Documents/projects/Hackathon/my_firmware/craftiai_sentinel/build/esp-idf/mbedtls/mbedtls/library/CMakeFiles/mbedtls.dir
Searching for files in directory C:/Users/vishn/Documents/projects/Hackathon/my_firmware/craftiai_sentinel/build/esp-idf/mbedtls/mbedtls/library/CMakeFiles/mbedtls.dir/C_
Searching for files in directory C:/Users/vishn/Documents/projects/Hackathon/my_firmware/craftiai_sentinel/build/esp-idf/mbedtls/mbedtls/library/CMakeFiles/mbedtls.dir/C_/Espressif
Searching for files in directory C:/Users/vishn/Documents/projects/Hackathon/my_firmware/craftiai_sentinel/build/esp-idf/mbedtls/mbedtls/library/CMakeFiles/mbedtls.dir/C_/Espressif/esp-idf-release-v5.5
Searching for files in directory C:/Users/vishn/Documents/projects/Hackathon/my_firmware/craftiai_sentinel/build/esp-idf/mbedtls/mbedtls/library/CMakeFiles/mbedtls.dir/C_/Espressif/esp-idf-release-v5.5/components
Searching for files in directory C:/Users/vishn/Documents/projects/Hackathon/my_firmware/craftiai_sentinel/build/esp-idf/mbedtls/mbedtls/library/CMakeFiles/mbedtls.dir/C_/Espressif/esp-idf-release-v5.5/components/mbedtls
Searching for files in directory C:/Users/vishn/Documents/projects/Hackathon/my_firmware/craftiai_sentinel/build/esp-idf/mbedtls/mbedtls/library/CMakeFiles/mbedtls.dir/C_/Espressif/esp-idf-release-v5.5/components/mbedtls/port
Searching for files in directory C:/Users/vishn/Documents/projects/Hackathon/my_firmware/craftiai_sentinel/build/esp-idf/mbedtls/mbedtls/library/CMakeFiles/mbedx509.dir
Searching for files in directory C:/Users/vishn/Documents/projects/Hackathon/my_firmware/craftiai_sentinel/build/esp-idf/mbedtls/mbedtls/pkgconfig
Searching for files in directory C:/Users/vishn/Documents/projects/Hackathon/my_firmware/craftiai_sentinel/build/esp-idf/mbedtls/mbedtls/pkgconfig/CMakeFiles
Searching for files in directory C:/Users/vishn/Documents/projects/Hackathon/my_firmware/craftiai_sentinel/build/esp-idf/newlib
Searching for files in directory C:/Users/vishn/Documents/projects/Hackathon/my_firmware/craftiai_sentinel/build/esp-idf/newlib/CMakeFiles
Searching for files in directory C:/Users/vishn/Documents/projects/Hackathon/my_firmware/craftiai_sentinel/build/esp-idf/newlib/CMakeFiles/__idf_newlib.dir
Searching for files in directory C:/Users/vishn/Documents/projects/Hackathon/my_firmware/craftiai_sentinel/build/esp-idf/newlib/CMakeFiles/__idf_newlib.dir/src
Searching for files in directory C:/Users/vishn/Documents/projects/Hackathon/my_firmware/craftiai_sentinel/build/esp-idf/newlib/CMakeFiles/__idf_newlib.dir/src/port
Searching for files in directory C:/Users/vishn/Documents/projects/Hackathon/my_firmware/craftiai_sentinel/build/esp-idf/newlib/src
Searching for files in directory C:/Users/vishn/Documents/projects/Hackathon/my_firmware/craftiai_sentinel/build/esp-idf/newlib/src/port
Searching for files in directory C:/Users/vishn/Documents/projects/Hackathon/my_firmware/craftiai_sentinel/build/esp-idf/newlib/src/port/CMakeFiles
Searching for files in directory C:/Users/vishn/Documents/projects/Hackathon/my_firmware/craftiai_sentinel/build/esp-idf/nvs_flash
Searching for files in directory C:/Users/vishn/Documents/projects/Hackathon/my_firmware/craftiai_sentinel/build/esp-idf/nvs_flash/CMakeFiles
Searching for files in directory C:/Users/vishn/Documents/projects/Hackathon/my_firmware/craftiai_sentinel/build/esp-idf/nvs_flash/CMakeFiles/__idf_nvs_flash.dir
Searching for files in directory C:/Users/vishn/Documents/projects/Hackathon/my_firmware/craftiai_sentinel/build/esp-idf/nvs_flash/CMakeFiles/__idf_nvs_flash.dir/src
Searching for files in directory C:/Users/vishn/Documents/projects/Hackathon/my_firmware/craftiai_sentinel/build/esp-idf/partition_table
Searching for files in directory C:/Users/vishn/Documents/projects/Hackathon/my_firmware/craftiai_sentinel/build/esp-idf/partition_table/CMakeFiles
Searching for files in directory C:/Users/vishn/Documents/projects/Hackathon/my_firmware/craftiai_sentinel/build/esp-idf/pthread
Searching for files in directory C:/Users/vishn/Documents/projects/Hackathon/my_firmware/craftiai_sentinel/build/esp-idf/pthread/CMakeFiles
Searching for files in directory C:/Users/vishn/Documents/projects/Hackathon/my_firmware/craftiai_sentinel/build/esp-idf/pthread/CMakeFiles/__idf_pthread.dir
Searching for files in directory C:/Users/vishn/Documents/projects/Hackathon/my_firmware/craftiai_sentinel/build/esp-idf/riscv
Searching for files in directory C:/Users/vishn/Documents/projects/Hackathon/my_firmware/craftiai_sentinel/build/esp-idf/riscv/CMakeFiles
Searching for files in directory C:/Users/vishn/Documents/projects/Hackathon/my_firmware/craftiai_sentinel/build/esp-idf/riscv/CMakeFiles/__idf_riscv.dir
Searching for files in directory C:/Users/vishn/Documents/projects/Hackathon/my_firmware/craftiai_sentinel/build/esp-idf/soc
Searching for files in directory C:/Users/vishn/Documents/projects/Hackathon/my_firmware/craftiai_sentinel/build/esp-idf/soc/CMakeFiles
Searching for files in directory C:/Users/vishn/Documents/projects/Hackathon/my_firmware/craftiai_sentinel/build/esp-idf/soc/CMakeFiles/__idf_soc.dir
Searching for files in directory C:/Users/vishn/Documents/projects/Hackathon/my_firmware/craftiai_sentinel/build/esp-idf/soc/CMakeFiles/__idf_soc.dir/esp32c3
Searching for files in directory C:/Users/vishn/Documents/projects/Hackathon/my_firmware/craftiai_sentinel/build/esp-idf/spi_flash
Searching for files in directory C:/Users/vishn/Documents/projects/Hackathon/my_firmware/craftiai_sentinel/build/esp-idf/spi_flash/CMakeFiles
Searching for files in directory C:/Users/vishn/Documents/projects/Hackathon/my_firmware/craftiai_sentinel/build/esp-idf/spi_flash/CMakeFiles/__idf_spi_flash.dir
Searching for files in directory C:/Users/vishn/Documents/projects/Hackathon/my_firmware/craftiai_sentinel/build/esp-idf/vfs
Searching for files in directory C:/Users/vishn/Documents/projects/Hackathon/my_firmware/craftiai_sentinel/build/esp-idf/vfs/CMakeFiles
Searching for files in directory C:/Users/vishn/Documents/projects/Hackathon/my_firmware/craftiai_sentinel/build/esp-idf/vfs/CMakeFiles/__idf_vfs.dir
Searching for files in directory C:/Users/vishn/Documents/projects/Hackathon/my_firmware/craftiai_sentinel/build/esp-idf/wpa_supplicant
Searching for files in directory C:/Users/vishn/Documents/projects/Hackathon/my_firmware/craftiai_sentinel/build/esp-idf/wpa_supplicant/CMakeFiles
Searching for files in directory C:/Users/vishn/Documents/projects/Hackathon/my_firmware/craftiai_sentinel/build/esp-idf/wpa_supplicant/CMakeFiles/__idf_wpa_supplicant.dir
Searching for files in directory C:/Users/vishn/Documents/projects/Hackathon/my_firmware/craftiai_sentinel/build/esp-idf/wpa_supplicant/CMakeFiles/__idf_wpa_supplicant.dir/esp_supplicant
Searching for files in directory C:/Users/vishn/Documents/projects/Hackathon/my_firmware/craftiai_sentinel/build/esp-idf/wpa_supplicant/CMakeFiles/__idf_wpa_supplicant.dir/esp_supplicant/src
Searching for files in directory C:/Users/vishn/Documents/projects/Hackathon/my_firmware/craftiai_sentinel/build/esp-idf/wpa_supplicant/CMakeFiles/__idf_wpa_supplicant.dir/esp_supplicant/src/crypto
Searching for files in directory C:/Users/vishn/Documents/projects/Hackathon/my_firmware/craftiai_sentinel/build/esp-idf/wpa_supplicant/CMakeFiles/__idf_wpa_supplicant.dir/port
Searching for files in directory C:/Users/vishn/Documents/projects/Hackathon/my_firmware/craftiai_sentinel/build/esp-idf/wpa_supplicant/CMakeFiles/__idf_wpa_supplicant.dir/src
Searching for files in directory C:/Users/vishn/Documents/projects/Hackathon/my_firmware/craftiai_sentinel/build/esp-idf/wpa_supplicant/CMakeFiles/__idf_wpa_supplicant.dir/src/ap
Searching for files in directory C:/Users/vishn/Documents/projects/Hackathon/my_firmware/craftiai_sentinel/build/esp-idf/wpa_supplicant/CMakeFiles/__idf_wpa_supplicant.dir/src/common
Searching for files in directory C:/Users/vishn/Documents/projects/Hackathon/my_firmware/craftiai_sentinel/build/esp-idf/wpa_supplicant/CMakeFiles/__idf_wpa_supplicant.dir/src/crypto
Searching for files in directory C:/Users/vishn/Documents/projects/Hackathon/my_firmware/craftiai_sentinel/build/esp-idf/wpa_supplicant/CMakeFiles/__idf_wpa_supplicant.dir/src/eap_common
Searching for files in directory C:/Users/vishn/Documents/projects/Hackathon/my_firmware/craftiai_sentinel/build/esp-idf/wpa_supplicant/CMakeFiles/__idf_wpa_supplicant.dir/src/eap_peer
Searching for files in directory C:/Users/vishn/Documents/projects/Hackathon/my_firmware/craftiai_sentinel/build/esp-idf/wpa_supplicant/CMakeFiles/__idf_wpa_supplicant.dir/src/rsn_supp
Searching for files in directory C:/Users/vishn/Documents/projects/Hackathon/my_firmware/craftiai_sentinel/build/esp-idf/wpa_supplicant/CMakeFiles/__idf_wpa_supplicant.dir/src/utils
Searching for files in directory C:/Users/vishn/Documents/projects/Hackathon/my_firmware/craftiai_sentinel/build/esp-idf/wpa_supplicant/CMakeFiles/__idf_wpa_supplicant.dir/src/wps
Searching for files in directory C:/Users/vishn/Documents/projects/Hackathon/my_firmware/craftiai_sentinel/build/gdbinit
Searching for files in directory C:/Users/vishn/Documents/projects/Hackathon/my_firmware/craftiai_sentinel/build/log
Searching for files in directory C:/Users/vishn/Documents/projects/Hackathon/my_firmware/craftiai_sentinel/build/partition_table
Searching for files in directory C:/Users/vishn/Documents/projects/Hackathon/my_firmware/craftiai_sentinel/components
Searching for files in directory C:/Users/vishn/Documents/projects/Hackathon/my_firmware/craftiai_sentinel/components/firmgen_telemetry
Searching for files in directory C:/Users/vishn/Documents/projects/Hackathon/my_firmware/craftiai_sentinel/components/firmgen_telemetry/include
Searching for files in directory C:/Users/vishn/Documents/projects/Hackathon/my_firmware/craftiai_sentinel/firmware
Searching for files in directory C:/Users/vishn/Documents/projects/Hackathon/my_firmware/craftiai_sentinel/firmware/app
Searching for files in directory C:/Users/vishn/Documents/projects/Hackathon/my_firmware/craftiai_sentinel/firmware/configs
Searching for files in directory C:/Users/vishn/Documents/projects/Hackathon/my_firmware/craftiai_sentinel/firmware/docs
Searching for files in directory C:/Users/vishn/Documents/projects/Hackathon/my_firmware/craftiai_sentinel/firmware/docs/api
Searching for files in directory C:/Users/vishn/Documents/projects/Hackathon/my_firmware/craftiai_sentinel/firmware/docs/api/html
Searching for files in directory C:/Users/vishn/Documents/projects/Hackathon/my_firmware/craftiai_sentinel/firmware/interfaces
Searching for files in directory C:/Users/vishn/Documents/projects/Hackathon/my_firmware/craftiai_sentinel/firmware/modules
Searching for files in directory C:/Users/vishn/Documents/projects/Hackathon/my_firmware/craftiai_sentinel/firmware/platforms
Searching for files in directory C:/Users/vishn/Documents/projects/Hackathon/my_firmware/craftiai_sentinel/firmware/platforms/esp32
Searching for files in directory C:/Users/vishn/Documents/projects/Hackathon/my_firmware/craftiai_sentinel/firmware/scripts
Searching for files in directory C:/Users/vishn/Documents/projects/Hackathon/my_firmware/craftiai_sentinel/firmware/services
Searching for files in directory C:/Users/vishn/Documents/projects/Hackathon/my_firmware/craftiai_sentinel/firmware/tests
Searching for files in directory C:/Users/vishn/Documents/projects/Hackathon/my_firmware/craftiai_sentinel/firmware/utils
Searching for files in directory C:/Users/vishn/Documents/projects/Hackathon/my_firmware/craftiai_sentinel/firmware/utils/helpers
Searching for files in directory C:/Users/vishn/Documents/projects/Hackathon/my_firmware/craftiai_sentinel/firmware/utils/logger
Searching for files in directory C:/Users/vishn/Documents/projects/Hackathon/my_firmware/craftiai_sentinel/main
Searching for files in directory C:/Users/vishn/Documents/projects/Hackathon/my_firmware/craftiai_sentinel/managed_components
Searching for files in directory C:/Users/vishn/Documents/projects/Hackathon/my_firmware/craftiai_sentinel/managed_components/espressif__led_strip
Searching for files in directory C:/Users/vishn/Documents/projects/Hackathon/my_firmware/craftiai_sentinel/managed_components/espressif__led_strip/docs
Searching for files in directory C:/Users/vishn/Documents/projects/Hackathon/my_firmware/craftiai_sentinel/managed_components/espressif__led_strip/docs/src
Searching for files in directory C:/Users/vishn/Documents/projects/Hackathon/my_firmware/craftiai_sentinel/managed_components/espressif__led_strip/examples
Searching for files in directory C:/Users/vishn/Documents/projects/Hackathon/my_firmware/craftiai_sentinel/managed_components/espressif__led_strip/examples/led_strip_rmt_ws2812
Searching for files in directory C:/Users/vishn/Documents/projects/Hackathon/my_firmware/craftiai_sentinel/managed_components/espressif__led_strip/examples/led_strip_rmt_ws2812/main
Searching for files in directory C:/Users/vishn/Documents/projects/Hackathon/my_firmware/craftiai_sentinel/managed_components/espressif__led_strip/examples/led_strip_spi_ws2812
Searching for files in directory C:/Users/vishn/Documents/projects/Hackathon/my_firmware/craftiai_sentinel/managed_components/espressif__led_strip/examples/led_strip_spi_ws2812/main
Searching for files in directory C:/Users/vishn/Documents/projects/Hackathon/my_firmware/craftiai_sentinel/managed_components/espressif__led_strip/include
Searching for files in directory C:/Users/vishn/Documents/projects/Hackathon/my_firmware/craftiai_sentinel/managed_components/espressif__led_strip/interface
Searching for files in directory C:/Users/vishn/Documents/projects/Hackathon/my_firmware/craftiai_sentinel/managed_components/espressif__led_strip/src
Searching for dot files...
Searching for msc files...
Searching for dia files...
Searching for plantuml files...
Searching for mermaid files...
Searching for files to exclude
Searching for files in directory C:/Users/vishn/Documents/projects/Hackathon/my_firmware/craftiai_sentinel/firmware/docs/api
Searching for files in directory C:/Users/vishn/Documents/projects/Hackathon/my_firmware/craftiai_sentinel/firmware/docs/api/html
Searching for files in directory C:/Users/vishn/Documents/projects/Hackathon/my_firmware/craftiai_sentinel/build
Searching for files in directory C:/Users/vishn/Documents/projects/Hackathon/my_firmware/craftiai_sentinel/build/bootloader
Searching for files in directory C:/Users/vishn/Documents/projects/Hackathon/my_firmware/craftiai_sentinel/build/bootloader/CMakeFiles
Searching for files in directory C:/Users/vishn/Documents/projects/Hackathon/my_firmware/craftiai_sentinel/build/bootloader/CMakeFiles/3.30.2
Searching for files in directory C:/Users/vishn/Documents/projects/Hackathon/my_firmware/craftiai_sentinel/build/bootloader/CMakeFiles/3.30.2/CompilerIdASM
Searching for files in directory C:/Users/vishn/Documents/projects/Hackathon/my_firmware/craftiai_sentinel/build/bootloader/CMakeFiles/3.30.2/CompilerIdC
Searching for files in directory C:/Users/vishn/Documents/projects/Hackathon/my_firmware/craftiai_sentinel/build/bootloader/CMakeFiles/3.30.2/CompilerIdC/tmp
Searching for files in directory C:/Users/vishn/Documents/projects/Hackathon/my_firmware/craftiai_sentinel/build/bootloader/CMakeFiles/3.30.2/CompilerIdCXX
Searching for files in directory C:/Users/vishn/Documents/projects/Hackathon/my_firmware/craftiai_sentinel/build/bootloader/CMakeFiles/3.30.2/CompilerIdCXX/tmp
Searching for files in directory C:/Users/vishn/Documents/projects/Hackathon/my_firmware/craftiai_sentinel/build/bootloader/CMakeFiles/bootloader.elf.dir
Searching for files in directory C:/Users/vishn/Documents/projects/Hackathon/my_firmware/craftiai_sentinel/build/bootloader/CMakeFiles/git-data
Searching for files in directory C:/Users/vishn/Documents/projects/Hackathon/my_firmware/craftiai_sentinel/build/bootloader/CMakeFiles/pkgRedirects
Searching for files in directory C:/Users/vishn/Documents/projects/Hackathon/my_firmware/craftiai_sentinel/build/bootloader/config
Searching for files in directory C:/Users/vishn/Documents/projects/Hackathon/my_firmware/craftiai_sentinel/build/bootloader/esp-idf
Searching for files in directory C:/Users/vishn/Documents/projects/Hackathon/my_firmware/craftiai_sentinel/build/bootloader/esp-idf/bootloader
Searching for files in directory C:/Users/vishn/Documents/projects/Hackathon/my_firmware/craftiai_sentinel/build/bootloader/esp-idf/bootloader/CMakeFiles
Searching for files in directory C:/Users/vishn/Documents/projects/Hackathon/my_firmware/craftiai_sentinel/build/bootloader/esp-idf/bootloader_support
Searching for files in directory C:/Users/vishn/Documents/projects/Hackathon/my_firmware/craftiai_sentinel/build/bootloader/esp-idf/bootloader_support/CMakeFiles
Searching for files in directory C:/Users/vishn/Documents/projects/Hackathon/my_firmware/craftiai_sentinel/build/bootloader/esp-idf/bootloader_support/CMakeFiles/__idf_bootloader_support.dir
Searching for files in directory C:/Users/vishn/Documents/projects/Hackathon/my_firmware/craftiai_sentinel/build/bootloader/esp-idf/bootloader_support/CMakeFiles/__idf_bootloader_support.dir/bootloader_flash
Searching for files in directory C:/Users/vishn/Documents/projects/Hackathon/my_firmware/craftiai_sentinel/build/bootloader/esp-idf/bootloader_support/CMakeFiles/__idf_bootloader_support.dir/bootloader_flash/src
Searching for files in directory C:/Users/vishn/Documents/projects/Hackathon/my_firmware/craftiai_sentinel/build/bootloader/esp-idf/bootloader_support/CMakeFiles/__idf_bootloader_support.dir/src
Searching for files in directory C:/Users/vishn/Documents/projects/Hackathon/my_firmware/craftiai_sentinel/build/bootloader/esp-idf/bootloader_support/CMakeFiles/__idf_bootloader_support.dir/src/esp32c3
Searching for files in directory C:/Users/vishn/Documents/projects/Hackathon/my_firmware/craftiai_sentinel/build/bootloader/esp-idf/CMakeFiles
Searching for files in directory C:/Users/vishn/Documents/projects/Hackathon/my_firmware/craftiai_sentinel/build/bootloader/esp-idf/efuse
Searching for files in directory C:/Users/vishn/Documents/projects/Hackathon/my_firmware/craftiai_sentinel/build/bootloader/esp-idf/efuse/CMakeFiles
Searching for files in directory C:/Users/vishn/Documents/projects/Hackathon/my_firmware/craftiai_sentinel/build/bootloader/esp-idf/efuse/CMakeFiles/__idf_efuse.dir
Searching for files in directory C:/Users/vishn/Documents/projects/Hackathon/my_firmware/craftiai_sentinel/build/bootloader/esp-idf/efuse/CMakeFiles/__idf_efuse.dir/esp32c3
Searching for files in directory C:/Users/vishn/Documents/projects/Hackathon/my_firmware/craftiai_sentinel/build/bootloader/esp-idf/efuse/CMakeFiles/__idf_efuse.dir/src
Searching for files in directory C:/Users/vishn/Documents/projects/Hackathon/my_firmware/craftiai_sentinel/build/bootloader/esp-idf/efuse/CMakeFiles/__idf_efuse.dir/src/efuse_controller
Searching for files in directory C:/Users/vishn/Documents/projects/Hackathon/my_firmware/craftiai_sentinel/build/bootloader/esp-idf/efuse/CMakeFiles/__idf_efuse.dir/src/efuse_controller/keys
Searching for files in directory C:/Users/vishn/Documents/projects/Hackathon/my_firmware/craftiai_sentinel/build/bootloader/esp-idf/efuse/CMakeFiles/__idf_efuse.dir/src/efuse_controller/keys/with_key_purposes
Searching for files in directory C:/Users/vishn/Documents/projects/Hackathon/my_firmware/craftiai_sentinel/build/bootloader/esp-idf/esptool_py
Searching for files in directory C:/Users/vishn/Documents/projects/Hackathon/my_firmware/craftiai_sentinel/build/bootloader/esp-idf/esptool_py/CMakeFiles
Searching for files in directory C:/Users/vishn/Documents/projects/Hackathon/my_firmware/craftiai_sentinel/build/bootloader/esp-idf/esp_app_format
Searching for files in directory C:/Users/vishn/Documents/projects/Hackathon/my_firmware/craftiai_sentinel/build/bootloader/esp-idf/esp_app_format/CMakeFiles
Searching for files in directory C:/Users/vishn/Documents/projects/Hackathon/my_firmware/craftiai_sentinel/build/bootloader/esp-idf/esp_bootloader_format
Searching for files in directory C:/Users/vishn/Documents/projects/Hackathon/my_firmware/craftiai_sentinel/build/bootloader/esp-idf/esp_bootloader_format/CMakeFiles
Searching for files in directory C:/Users/vishn/Documents/projects/Hackathon/my_firmware/craftiai_sentinel/build/bootloader/esp-idf/esp_bootloader_format/CMakeFiles/__idf_esp_bootloader_format.dir
Searching for files in directory C:/Users/vishn/Documents/projects/Hackathon/my_firmware/craftiai_sentinel/build/bootloader/esp-idf/esp_common
Searching for files in directory C:/Users/vishn/Documents/projects/Hackathon/my_firmware/craftiai_sentinel/build/bootloader/esp-idf/esp_common/CMakeFiles
Searching for files in directory C:/Users/vishn/Documents/projects/Hackathon/my_firmware/craftiai_sentinel/build/bootloader/esp-idf/esp_common/CMakeFiles/__idf_esp_common.dir
Searching for files in directory C:/Users/vishn/Documents/projects/Hackathon/my_firmware/craftiai_sentinel/build/bootloader/esp-idf/esp_common/CMakeFiles/__idf_esp_common.dir/src
Searching for files in directory C:/Users/vishn/Documents/projects/Hackathon/my_firmware/craftiai_sentinel/build/bootloader/esp-idf/esp_hw_support
Searching for files in directory C:/Users/vishn/Documents/projects/Hackathon/my_firmware/craftiai_sentinel/build/bootloader/esp-idf/esp_hw_support/CMakeFiles
Searching for files in directory C:/Users/vishn/Documents/projects/Hackathon/my_firmware/craftiai_sentinel/build/bootloader/esp-idf/esp_hw_support/CMakeFiles/__idf_esp_hw_support.dir
Searching for files in directory C:/Users/vishn/Documents/projects/Hackathon/my_firmware/craftiai_sentinel/build/bootloader/esp-idf/esp_hw_support/CMakeFiles/__idf_esp_hw_support.dir/port
Searching for files in directory C:/Users/vishn/Documents/projects/Hackathon/my_firmware/craftiai_sentinel/build/bootloader/esp-idf/esp_hw_support/CMakeFiles/__idf_esp_hw_support.dir/port/esp32c3
Searching for files in directory C:/Users/vishn/Documents/projects/Hackathon/my_firmware/craftiai_sentinel/build/bootloader/esp-idf/esp_hw_support/lowpower
Searching for files in directory C:/Users/vishn/Documents/projects/Hackathon/my_firmware/craftiai_sentinel/build/bootloader/esp-idf/esp_hw_support/lowpower/CMakeFiles
Searching for files in directory C:/Users/vishn/Documents/projects/Hackathon/my_firmware/craftiai_sentinel/build/bootloader/esp-idf/esp_hw_support/port
Searching for files in directory C:/Users/vishn/Documents/projects/Hackathon/my_firmware/craftiai_sentinel/build/bootloader/esp-idf/esp_hw_support/port/esp32c3
Searching for files in directory C:/Users/vishn/Documents/projects/Hackathon/my_firmware/craftiai_sentinel/build/bootloader/esp-idf/esp_hw_support/port/esp32c3/CMakeFiles
Searching for files in directory C:/Users/vishn/Documents/projects/Hackathon/my_firmware/craftiai_sentinel/build/bootloader/esp-idf/esp_rom
Searching for files in directory C:/Users/vishn/Documents/projects/Hackathon/my_firmware/craftiai_sentinel/build/bootloader/esp-idf/esp_rom/CMakeFiles
Searching for files in directory C:/Users/vishn/Documents/projects/Hackathon/my_firmware/craftiai_sentinel/build/bootloader/esp-idf/esp_rom/CMakeFiles/__idf_esp_rom.dir
Searching for files in directory C:/Users/vishn/Documents/projects/Hackathon/my_firmware/craftiai_sentinel/build/bootloader/esp-idf/esp_rom/CMakeFiles/__idf_esp_rom.dir/patches
Searching for files in directory C:/Users/vishn/Documents/projects/Hackathon/my_firmware/craftiai_sentinel/build/bootloader/esp-idf/esp_security
Searching for files in directory C:/Users/vishn/Documents/projects/Hackathon/my_firmware/craftiai_sentinel/build/bootloader/esp-idf/esp_security/CMakeFiles
Searching for files in directory C:/Users/vishn/Documents/projects/Hackathon/my_firmware/craftiai_sentinel/build/bootloader/esp-idf/esp_system
Searching for files in directory C:/Users/vishn/Documents/projects/Hackathon/my_firmware/craftiai_sentinel/build/bootloader/esp-idf/esp_system/CMakeFiles
Searching for files in directory C:/Users/vishn/Documents/projects/Hackathon/my_firmware/craftiai_sentinel/build/bootloader/esp-idf/esp_system/CMakeFiles/__idf_esp_system.dir
Searching for files in directory C:/Users/vishn/Documents/projects/Hackathon/my_firmware/craftiai_sentinel/build/bootloader/esp-idf/freertos
Searching for files in directory C:/Users/vishn/Documents/projects/Hackathon/my_firmware/craftiai_sentinel/build/bootloader/esp-idf/freertos/CMakeFiles
Searching for files in directory C:/Users/vishn/Documents/projects/Hackathon/my_firmware/craftiai_sentinel/build/bootloader/esp-idf/hal
Searching for files in directory C:/Users/vishn/Documents/projects/Hackathon/my_firmware/craftiai_sentinel/build/bootloader/esp-idf/hal/CMakeFiles
Searching for files in directory C:/Users/vishn/Documents/projects/Hackathon/my_firmware/craftiai_sentinel/build/bootloader/esp-idf/hal/CMakeFiles/__idf_hal.dir
Searching for files in directory C:/Users/vishn/Documents/projects/Hackathon/my_firmware/craftiai_sentinel/build/bootloader/esp-idf/hal/CMakeFiles/__idf_hal.dir/esp32c3
Searching for files in directory C:/Users/vishn/Documents/projects/Hackathon/my_firmware/craftiai_sentinel/build/bootloader/esp-idf/log
Searching for files in directory C:/Users/vishn/Documents/projects/Hackathon/my_firmware/craftiai_sentinel/build/bootloader/esp-idf/log/CMakeFiles
Searching for files in directory C:/Users/vishn/Documents/projects/Hackathon/my_firmware/craftiai_sentinel/build/bootloader/esp-idf/log/CMakeFiles/__idf_log.dir
Searching for files in directory C:/Users/vishn/Documents/projects/Hackathon/my_firmware/craftiai_sentinel/build/bootloader/esp-idf/log/CMakeFiles/__idf_log.dir/src
Searching for files in directory C:/Users/vishn/Documents/projects/Hackathon/my_firmware/craftiai_sentinel/build/bootloader/esp-idf/log/CMakeFiles/__idf_log.dir/src/buffer
Searching for files in directory C:/Users/vishn/Documents/projects/Hackathon/my_firmware/craftiai_sentinel/build/bootloader/esp-idf/log/CMakeFiles/__idf_log.dir/src/noos
Searching for files in directory C:/Users/vishn/Documents/projects/Hackathon/my_firmware/craftiai_sentinel/build/bootloader/esp-idf/main
Searching for files in directory C:/Users/vishn/Documents/projects/Hackathon/my_firmware/craftiai_sentinel/build/bootloader/esp-idf/main/CMakeFiles
Searching for files in directory C:/Users/vishn/Documents/projects/Hackathon/my_firmware/craftiai_sentinel/build/bootloader/esp-idf/main/CMakeFiles/__idf_main.dir
Searching for files in directory C:/Users/vishn/Documents/projects/Hackathon/my_firmware/craftiai_sentinel/build/bootloader/esp-idf/micro-ecc
Searching for files in directory C:/Users/vishn/Documents/projects/Hackathon/my_firmware/craftiai_sentinel/build/bootloader/esp-idf/micro-ecc/CMakeFiles
Searching for files in directory C:/Users/vishn/Documents/projects/Hackathon/my_firmware/craftiai_sentinel/build/bootloader/esp-idf/micro-ecc/CMakeFiles/__idf_micro-ecc.dir
Searching for files in directory C:/Users/vishn/Documents/projects/Hackathon/my_firmware/craftiai_sentinel/build/bootloader/esp-idf/newlib
Searching for files in directory C:/Users/vishn/Documents/projects/Hackathon/my_firmware/craftiai_sentinel/build/bootloader/esp-idf/newlib/CMakeFiles
Searching for files in directory C:/Users/vishn/Documents/projects/Hackathon/my_firmware/craftiai_sentinel/build/bootloader/esp-idf/partition_table
Searching for files in directory C:/Users/vishn/Documents/projects/Hackathon/my_firmware/craftiai_sentinel/build/bootloader/esp-idf/partition_table/CMakeFiles
Searching for files in directory C:/Users/vishn/Documents/projects/Hackathon/my_firmware/craftiai_sentinel/build/bootloader/esp-idf/riscv
Searching for files in directory C:/Users/vishn/Documents/projects/Hackathon/my_firmware/craftiai_sentinel/build/bootloader/esp-idf/riscv/CMakeFiles
Searching for files in directory C:/Users/vishn/Documents/projects/Hackathon/my_firmware/craftiai_sentinel/build/bootloader/esp-idf/riscv/CMakeFiles/__idf_riscv.dir
Searching for files in directory C:/Users/vishn/Documents/projects/Hackathon/my_firmware/craftiai_sentinel/build/bootloader/esp-idf/soc
Searching for files in directory C:/Users/vishn/Documents/projects/Hackathon/my_firmware/craftiai_sentinel/build/bootloader/esp-idf/soc/CMakeFiles
Searching for files in directory C:/Users/vishn/Documents/projects/Hackathon/my_firmware/craftiai_sentinel/build/bootloader/esp-idf/soc/CMakeFiles/__idf_soc.dir
Searching for files in directory C:/Users/vishn/Documents/projects/Hackathon/my_firmware/craftiai_sentinel/build/bootloader/esp-idf/soc/CMakeFiles/__idf_soc.dir/esp32c3
Searching for files in directory C:/Users/vishn/Documents/projects/Hackathon/my_firmware/craftiai_sentinel/build/bootloader/esp-idf/spi_flash
Searching for files in directory C:/Users/vishn/Documents/projects/Hackathon/my_firmware/craftiai_sentinel/build/bootloader/esp-idf/spi_flash/CMakeFiles
Searching for files in directory C:/Users/vishn/Documents/projects/Hackathon/my_firmware/craftiai_sentinel/build/bootloader/esp-idf/spi_flash/CMakeFiles/__idf_spi_flash.dir
Searching for files in directory C:/Users/vishn/Documents/projects/Hackathon/my_firmware/craftiai_sentinel/build/bootloader/gdbinit
Searching for files in directory C:/Users/vishn/Documents/projects/Hackathon/my_firmware/craftiai_sentinel/build/bootloader-prefix
Searching for files in directory C:/Users/vishn/Documents/projects/Hackathon/my_firmware/craftiai_sentinel/build/bootloader-prefix/src
Searching for files in directory C:/Users/vishn/Documents/projects/Hackathon/my_firmware/craftiai_sentinel/build/bootloader-prefix/src/bootloader-stamp
Searching for files in directory C:/Users/vishn/Documents/projects/Hackathon/my_firmware/craftiai_sentinel/build/bootloader-prefix/tmp
Searching for files in directory C:/Users/vishn/Documents/projects/Hackathon/my_firmware/craftiai_sentinel/build/CMakeFiles
Searching for files in directory C:/Users/vishn/Documents/projects/Hackathon/my_firmware/craftiai_sentinel/build/CMakeFiles/3.30.2
Searching for files in directory C:/Users/vishn/Documents/projects/Hackathon/my_firmware/craftiai_sentinel/build/CMakeFiles/3.30.2/CompilerIdASM
Searching for files in directory C:/Users/vishn/Documents/projects/Hackathon/my_firmware/craftiai_sentinel/build/CMakeFiles/3.30.2/CompilerIdC
Searching for files in directory C:/Users/vishn/Documents/projects/Hackathon/my_firmware/craftiai_sentinel/build/CMakeFiles/3.30.2/CompilerIdC/tmp
Searching for files in directory C:/Users/vishn/Documents/projects/Hackathon/my_firmware/craftiai_sentinel/build/CMakeFiles/3.30.2/CompilerIdCXX
Searching for files in directory C:/Users/vishn/Documents/projects/Hackathon/my_firmware/craftiai_sentinel/build/CMakeFiles/3.30.2/CompilerIdCXX/tmp
Searching for files in directory C:/Users/vishn/Documents/projects/Hackathon/my_firmware/craftiai_sentinel/build/CMakeFiles/bootloader.dir
Searching for files in directory C:/Users/vishn/Documents/projects/Hackathon/my_firmware/craftiai_sentinel/build/CMakeFiles/craftiai_sentinel.elf.dir
Searching for files in directory C:/Users/vishn/Documents/projects/Hackathon/my_firmware/craftiai_sentinel/build/CMakeFiles/git-data
Searching for files in directory C:/Users/vishn/Documents/projects/Hackathon/my_firmware/craftiai_sentinel/build/CMakeFiles/pkgRedirects
Searching for files in directory C:/Users/vishn/Documents/projects/Hackathon/my_firmware/craftiai_sentinel/build/config
Searching for files in directory C:/Users/vishn/Documents/projects/Hackathon/my_firmware/craftiai_sentinel/build/esp-idf
Searching for files in directory C:/Users/vishn/Documents/projects/Hackathon/my_firmware/craftiai_sentinel/build/esp-idf/app_update
Searching for files in directory C:/Users/vishn/Documents/projects/Hackathon/my_firmware/craftiai_sentinel/build/esp-idf/app_update/CMakeFiles
Searching for files in directory C:/Users/vishn/Documents/projects/Hackathon/my_firmware/craftiai_sentinel/build/esp-idf/app_update/CMakeFiles/__idf_app_update.dir
Searching for files in directory C:/Users/vishn/Documents/projects/Hackathon/my_firmware/craftiai_sentinel/build/esp-idf/bootloader
Searching for files in directory C:/Users/vishn/Documents/projects/Hackathon/my_firmware/craftiai_sentinel/build/esp-idf/bootloader/CMakeFiles
Searching for files in directory C:/Users/vishn/Documents/projects/Hackathon/my_firmware/craftiai_sentinel/build/esp-idf/bootloader_support
Searching for files in directory C:/Users/vishn/Documents/projects/Hackathon/my_firmware/craftiai_sentinel/build/esp-idf/bootloader_support/CMakeFiles
Searching for files in directory C:/Users/vishn/Documents/projects/Hackathon/my_firmware/craftiai_sentinel/build/esp-idf/bootloader_support/CMakeFiles/__idf_bootloader_support.dir
Searching for files in directory C:/Users/vishn/Documents/projects/Hackathon/my_firmware/craftiai_sentinel/build/esp-idf/bootloader_support/CMakeFiles/__idf_bootloader_support.dir/bootloader_flash
Searching for files in directory C:/Users/vishn/Documents/projects/Hackathon/my_firmware/craftiai_sentinel/build/esp-idf/bootloader_support/CMakeFiles/__idf_bootloader_support.dir/bootloader_flash/src
Searching for files in directory C:/Users/vishn/Documents/projects/Hackathon/my_firmware/craftiai_sentinel/build/esp-idf/bootloader_support/CMakeFiles/__idf_bootloader_support.dir/src
Searching for files in directory C:/Users/vishn/Documents/projects/Hackathon/my_firmware/craftiai_sentinel/build/esp-idf/bootloader_support/CMakeFiles/__idf_bootloader_support.dir/src/esp32c3
Searching for files in directory C:/Users/vishn/Documents/projects/Hackathon/my_firmware/craftiai_sentinel/build/esp-idf/CMakeFiles
Searching for files in directory C:/Users/vishn/Documents/projects/Hackathon/my_firmware/craftiai_sentinel/build/esp-idf/cxx
Searching for files in directory C:/Users/vishn/Documents/projects/Hackathon/my_firmware/craftiai_sentinel/build/esp-idf/cxx/CMakeFiles
Searching for files in directory C:/Users/vishn/Documents/projects/Hackathon/my_firmware/craftiai_sentinel/build/esp-idf/cxx/CMakeFiles/__idf_cxx.dir
Searching for files in directory C:/Users/vishn/Documents/projects/Hackathon/my_firmware/craftiai_sentinel/build/esp-idf/efuse
Searching for files in directory C:/Users/vishn/Documents/projects/Hackathon/my_firmware/craftiai_sentinel/build/esp-idf/efuse/CMakeFiles
Searching for files in directory C:/Users/vishn/Documents/projects/Hackathon/my_firmware/craftiai_sentinel/build/esp-idf/efuse/CMakeFiles/__idf_efuse.dir
Searching for files in directory C:/Users/vishn/Documents/projects/Hackathon/my_firmware/craftiai_sentinel/build/esp-idf/efuse/CMakeFiles/__idf_efuse.dir/esp32c3
Searching for files in directory C:/Users/vishn/Documents/projects/Hackathon/my_firmware/craftiai_sentinel/build/esp-idf/efuse/CMakeFiles/__idf_efuse.dir/src
Searching for files in directory C:/Users/vishn/Documents/projects/Hackathon/my_firmware/craftiai_sentinel/build/esp-idf/efuse/CMakeFiles/__idf_efuse.dir/src/efuse_controller
Searching for files in directory C:/Users/vishn/Documents/projects/Hackathon/my_firmware/craftiai_sentinel/build/esp-idf/efuse/CMakeFiles/__idf_efuse.dir/src/efuse_controller/keys
Searching for files in directory C:/Users/vishn/Documents/projects/Hackathon/my_firmware/craftiai_sentinel/build/esp-idf/efuse/CMakeFiles/__idf_efuse.dir/src/efuse_controller/keys/with_key_purposes
Searching for files in directory C:/Users/vishn/Documents/projects/Hackathon/my_firmware/craftiai_sentinel/build/esp-idf/espressif__led_strip
Searching for files in directory C:/Users/vishn/Documents/projects/Hackathon/my_firmware/craftiai_sentinel/build/esp-idf/espressif__led_strip/CMakeFiles
Searching for files in directory C:/Users/vishn/Documents/projects/Hackathon/my_firmware/craftiai_sentinel/build/esp-idf/espressif__led_strip/CMakeFiles/__idf_espressif__led_strip.dir
Searching for files in directory C:/Users/vishn/Documents/projects/Hackathon/my_firmware/craftiai_sentinel/build/esp-idf/espressif__led_strip/CMakeFiles/__idf_espressif__led_strip.dir/src
Searching for files in directory C:/Users/vishn/Documents/projects/Hackathon/my_firmware/craftiai_sentinel/build/esp-idf/esptool_py
Searching for files in directory C:/Users/vishn/Documents/projects/Hackathon/my_firmware/craftiai_sentinel/build/esp-idf/esptool_py/CMakeFiles
Searching for files in directory C:/Users/vishn/Documents/projects/Hackathon/my_firmware/craftiai_sentinel/build/esp-idf/esp_app_format
Searching for files in directory C:/Users/vishn/Documents/projects/Hackathon/my_firmware/craftiai_sentinel/build/esp-idf/esp_app_format/CMakeFiles
Searching for files in directory C:/Users/vishn/Documents/projects/Hackathon/my_firmware/craftiai_sentinel/build/esp-idf/esp_app_format/CMakeFiles/__idf_esp_app_format.dir
Searching for files in directory C:/Users/vishn/Documents/projects/Hackathon/my_firmware/craftiai_sentinel/build/esp-idf/esp_bootloader_format
Searching for files in directory C:/Users/vishn/Documents/projects/Hackathon/my_firmware/craftiai_sentinel/build/esp-idf/esp_bootloader_format/CMakeFiles
Searching for files in directory C:/Users/vishn/Documents/projects/Hackathon/my_firmware/craftiai_sentinel/build/esp-idf/esp_bootloader_format/CMakeFiles/__idf_esp_bootloader_format.dir
Searching for files in directory C:/Users/vishn/Documents/projects/Hackathon/my_firmware/craftiai_sentinel/build/esp-idf/esp_coex
Searching for files in directory C:/Users/vishn/Documents/projects/Hackathon/my_firmware/craftiai_sentinel/build/esp-idf/esp_coex/CMakeFiles
Searching for files in directory C:/Users/vishn/Documents/projects/Hackathon/my_firmware/craftiai_sentinel/build/esp-idf/esp_coex/CMakeFiles/__idf_esp_coex.dir
Searching for files in directory C:/Users/vishn/Documents/projects/Hackathon/my_firmware/craftiai_sentinel/build/esp-idf/esp_coex/CMakeFiles/__idf_esp_coex.dir/esp32c3
Searching for files in directory C:/Users/vishn/Documents/projects/Hackathon/my_firmware/craftiai_sentinel/build/esp-idf/esp_coex/CMakeFiles/__idf_esp_coex.dir/src
Searching for files in directory C:/Users/vishn/Documents/projects/Hackathon/my_firmware/craftiai_sentinel/build/esp-idf/esp_common
Searching for files in directory C:/Users/vishn/Documents/projects/Hackathon/my_firmware/craftiai_sentinel/build/esp-idf/esp_common/CMakeFiles
Searching for files in directory C:/Users/vishn/Documents/projects/Hackathon/my_firmware/craftiai_sentinel/build/esp-idf/esp_common/CMakeFiles/__idf_esp_common.dir
Searching for files in directory C:/Users/vishn/Documents/projects/Hackathon/my_firmware/craftiai_sentinel/build/esp-idf/esp_common/CMakeFiles/__idf_esp_common.dir/src
Searching for files in directory C:/Users/vishn/Documents/projects/Hackathon/my_firmware/craftiai_sentinel/build/esp-idf/esp_driver_bitscrambler
Searching for files in directory C:/Users/vishn/Documents/projects/Hackathon/my_firmware/craftiai_sentinel/build/esp-idf/esp_driver_bitscrambler/CMakeFiles
Searching for files in directory C:/Users/vishn/Documents/projects/Hackathon/my_firmware/craftiai_sentinel/build/esp-idf/esp_driver_gpio
Searching for files in directory C:/Users/vishn/Documents/projects/Hackathon/my_firmware/craftiai_sentinel/build/esp-idf/esp_driver_gpio/CMakeFiles
Searching for files in directory C:/Users/vishn/Documents/projects/Hackathon/my_firmware/craftiai_sentinel/build/esp-idf/esp_driver_gpio/CMakeFiles/__idf_esp_driver_gpio.dir
Searching for files in directory C:/Users/vishn/Documents/projects/Hackathon/my_firmware/craftiai_sentinel/build/esp-idf/esp_driver_gpio/CMakeFiles/__idf_esp_driver_gpio.dir/src
Searching for files in directory C:/Users/vishn/Documents/projects/Hackathon/my_firmware/craftiai_sentinel/build/esp-idf/esp_driver_i2c
Searching for files in directory C:/Users/vishn/Documents/projects/Hackathon/my_firmware/craftiai_sentinel/build/esp-idf/esp_driver_i2c/CMakeFiles
Searching for files in directory C:/Users/vishn/Documents/projects/Hackathon/my_firmware/craftiai_sentinel/build/esp-idf/esp_driver_i2c/CMakeFiles/__idf_esp_driver_i2c.dir
Searching for files in directory C:/Users/vishn/Documents/projects/Hackathon/my_firmware/craftiai_sentinel/build/esp-idf/esp_driver_rmt
Searching for files in directory C:/Users/vishn/Documents/projects/Hackathon/my_firmware/craftiai_sentinel/build/esp-idf/esp_driver_rmt/CMakeFiles
Searching for files in directory C:/Users/vishn/Documents/projects/Hackathon/my_firmware/craftiai_sentinel/build/esp-idf/esp_driver_rmt/CMakeFiles/__idf_esp_driver_rmt.dir
Searching for files in directory C:/Users/vishn/Documents/projects/Hackathon/my_firmware/craftiai_sentinel/build/esp-idf/esp_driver_rmt/CMakeFiles/__idf_esp_driver_rmt.dir/src
Searching for files in directory C:/Users/vishn/Documents/projects/Hackathon/my_firmware/craftiai_sentinel/build/esp-idf/esp_driver_spi
Searching for files in directory C:/Users/vishn/Documents/projects/Hackathon/my_firmware/craftiai_sentinel/build/esp-idf/esp_driver_spi/CMakeFiles
Searching for files in directory C:/Users/vishn/Documents/projects/Hackathon/my_firmware/craftiai_sentinel/build/esp-idf/esp_driver_spi/CMakeFiles/__idf_esp_driver_spi.dir
Searching for files in directory C:/Users/vishn/Documents/projects/Hackathon/my_firmware/craftiai_sentinel/build/esp-idf/esp_driver_spi/CMakeFiles/__idf_esp_driver_spi.dir/src
Searching for files in directory C:/Users/vishn/Documents/projects/Hackathon/my_firmware/craftiai_sentinel/build/esp-idf/esp_driver_spi/CMakeFiles/__idf_esp_driver_spi.dir/src/gpspi
Searching for files in directory C:/Users/vishn/Documents/projects/Hackathon/my_firmware/craftiai_sentinel/build/esp-idf/esp_driver_uart
Searching for files in directory C:/Users/vishn/Documents/projects/Hackathon/my_firmware/craftiai_sentinel/build/esp-idf/esp_driver_uart/CMakeFiles
Searching for files in directory C:/Users/vishn/Documents/projects/Hackathon/my_firmware/craftiai_sentinel/build/esp-idf/esp_driver_uart/CMakeFiles/__idf_esp_driver_uart.dir
Searching for files in directory C:/Users/vishn/Documents/projects/Hackathon/my_firmware/craftiai_sentinel/build/esp-idf/esp_driver_uart/CMakeFiles/__idf_esp_driver_uart.dir/src
Searching for files in directory C:/Users/vishn/Documents/projects/Hackathon/my_firmware/craftiai_sentinel/build/esp-idf/esp_driver_usb_serial_jtag
Searching for files in directory C:/Users/vishn/Documents/projects/Hackathon/my_firmware/craftiai_sentinel/build/esp-idf/esp_driver_usb_serial_jtag/CMakeFiles
Searching for files in directory C:/Users/vishn/Documents/projects/Hackathon/my_firmware/craftiai_sentinel/build/esp-idf/esp_driver_usb_serial_jtag/CMakeFiles/__idf_esp_driver_usb_serial_jtag.dir
Searching for files in directory C:/Users/vishn/Documents/projects/Hackathon/my_firmware/craftiai_sentinel/build/esp-idf/esp_driver_usb_serial_jtag/CMakeFiles/__idf_esp_driver_usb_serial_jtag.dir/src
Searching for files in directory C:/Users/vishn/Documents/projects/Hackathon/my_firmware/craftiai_sentinel/build/esp-idf/esp_event
Searching for files in directory C:/Users/vishn/Documents/projects/Hackathon/my_firmware/craftiai_sentinel/build/esp-idf/esp_event/CMakeFiles
Searching for files in directory C:/Users/vishn/Documents/projects/Hackathon/my_firmware/craftiai_sentinel/build/esp-idf/esp_event/CMakeFiles/__idf_esp_event.dir
Searching for files in directory C:/Users/vishn/Documents/projects/Hackathon/my_firmware/craftiai_sentinel/build/esp-idf/esp_http_server
Searching for files in directory C:/Users/vishn/Documents/projects/Hackathon/my_firmware/craftiai_sentinel/build/esp-idf/esp_http_server/CMakeFiles
Searching for files in directory C:/Users/vishn/Documents/projects/Hackathon/my_firmware/craftiai_sentinel/build/esp-idf/esp_http_server/CMakeFiles/__idf_esp_http_server.dir
Searching for files in directory C:/Users/vishn/Documents/projects/Hackathon/my_firmware/craftiai_sentinel/build/esp-idf/esp_http_server/CMakeFiles/__idf_esp_http_server.dir/src
Searching for files in directory C:/Users/vishn/Documents/projects/Hackathon/my_firmware/craftiai_sentinel/build/esp-idf/esp_http_server/CMakeFiles/__idf_esp_http_server.dir/src/util
Searching for files in directory C:/Users/vishn/Documents/projects/Hackathon/my_firmware/craftiai_sentinel/build/esp-idf/esp_hw_support
Searching for files in directory C:/Users/vishn/Documents/projects/Hackathon/my_firmware/craftiai_sentinel/build/esp-idf/esp_hw_support/CMakeFiles
Searching for files in directory C:/Users/vishn/Documents/projects/Hackathon/my_firmware/craftiai_sentinel/build/esp-idf/esp_hw_support/CMakeFiles/__idf_esp_hw_support.dir
Searching for files in directory C:/Users/vishn/Documents/projects/Hackathon/my_firmware/craftiai_sentinel/build/esp-idf/esp_hw_support/CMakeFiles/__idf_esp_hw_support.dir/deprecated
Searching for files in directory C:/Users/vishn/Documents/projects/Hackathon/my_firmware/craftiai_sentinel/build/esp-idf/esp_hw_support/CMakeFiles/__idf_esp_hw_support.dir/dma
Searching for files in directory C:/Users/vishn/Documents/projects/Hackathon/my_firmware/craftiai_sentinel/build/esp-idf/esp_hw_support/CMakeFiles/__idf_esp_hw_support.dir/lowpower
Searching for files in directory C:/Users/vishn/Documents/projects/Hackathon/my_firmware/craftiai_sentinel/build/esp-idf/esp_hw_support/CMakeFiles/__idf_esp_hw_support.dir/lowpower/port
Searching for files in directory C:/Users/vishn/Documents/projects/Hackathon/my_firmware/craftiai_sentinel/build/esp-idf/esp_hw_support/CMakeFiles/__idf_esp_hw_support.dir/lowpower/port/esp32c3
Searching for files in directory C:/Users/vishn/Documents/projects/Hackathon/my_firmware/craftiai_sentinel/build/esp-idf/esp_hw_support/CMakeFiles/__idf_esp_hw_support.dir/mspi_timing_tuning
Searching for files in directory C:/Users/vishn/Documents/projects/Hackathon/my_firmware/craftiai_sentinel/build/esp-idf/esp_hw_support/CMakeFiles/__idf_esp_hw_support.dir/port
Searching for files in directory C:/Users/vishn/Documents/projects/Hackathon/my_firmware/craftiai_sentinel/build/esp-idf/esp_hw_support/CMakeFiles/__idf_esp_hw_support.dir/port/esp32c3
Searching for files in directory C:/Users/vishn/Documents/projects/Hackathon/my_firmware/craftiai_sentinel/build/esp-idf/esp_hw_support/CMakeFiles/__idf_esp_hw_support.dir/power_supply
Searching for files in directory C:/Users/vishn/Documents/projects/Hackathon/my_firmware/craftiai_sentinel/build/esp-idf/esp_hw_support/lowpower
Searching for files in directory C:/Users/vishn/Documents/projects/Hackathon/my_firmware/craftiai_sentinel/build/esp-idf/esp_hw_support/lowpower/CMakeFiles
Searching for files in directory C:/Users/vishn/Documents/projects/Hackathon/my_firmware/craftiai_sentinel/build/esp-idf/esp_hw_support/port
Searching for files in directory C:/Users/vishn/Documents/projects/Hackathon/my_firmware/craftiai_sentinel/build/esp-idf/esp_hw_support/port/esp32c3
Searching for files in directory C:/Users/vishn/Documents/projects/Hackathon/my_firmware/craftiai_sentinel/build/esp-idf/esp_hw_support/port/esp32c3/CMakeFiles
Searching for files in directory C:/Users/vishn/Documents/projects/Hackathon/my_firmware/craftiai_sentinel/build/esp-idf/esp_mm
Searching for files in directory C:/Users/vishn/Documents/projects/Hackathon/my_firmware/craftiai_sentinel/build/esp-idf/esp_mm/CMakeFiles
Searching for files in directory C:/Users/vishn/Documents/projects/Hackathon/my_firmware/craftiai_sentinel/build/esp-idf/esp_mm/CMakeFiles/__idf_esp_mm.dir
Searching for files in directory C:/Users/vishn/Documents/projects/Hackathon/my_firmware/craftiai_sentinel/build/esp-idf/esp_mm/CMakeFiles/__idf_esp_mm.dir/port
Searching for files in directory C:/Users/vishn/Documents/projects/Hackathon/my_firmware/craftiai_sentinel/build/esp-idf/esp_mm/CMakeFiles/__idf_esp_mm.dir/port/esp32c3
Searching for files in directory C:/Users/vishn/Documents/projects/Hackathon/my_firmware/craftiai_sentinel/build/esp-idf/esp_netif
Searching for files in directory C:/Users/vishn/Documents/projects/Hackathon/my_firmware/craftiai_sentinel/build/esp-idf/esp_netif/CMakeFiles
Searching for files in directory C:/Users/vishn/Documents/projects/Hackathon/my_firmware/craftiai_sentinel/build/esp-idf/esp_netif/CMakeFiles/__idf_esp_netif.dir
Searching for files in directory C:/Users/vishn/Documents/projects/Hackathon/my_firmware/craftiai_sentinel/build/esp-idf/esp_netif/CMakeFiles/__idf_esp_netif.dir/lwip
Searching for files in directory C:/Users/vishn/Documents/projects/Hackathon/my_firmware/craftiai_sentinel/build/esp-idf/esp_netif/CMakeFiles/__idf_esp_netif.dir/lwip/netif
Searching for files in directory C:/Users/vishn/Documents/projects/Hackathon/my_firmware/craftiai_sentinel/build/esp-idf/esp_netif_stack
Searching for files in directory C:/Users/vishn/Documents/projects/Hackathon/my_firmware/craftiai_sentinel/build/esp-idf/esp_netif_stack/CMakeFiles
Searching for files in directory C:/Users/vishn/Documents/projects/Hackathon/my_firmware/craftiai_sentinel/build/esp-idf/esp_partition
Searching for files in directory C:/Users/vishn/Documents/projects/Hackathon/my_firmware/craftiai_sentinel/build/esp-idf/esp_partition/CMakeFiles
Searching for files in directory C:/Users/vishn/Documents/projects/Hackathon/my_firmware/craftiai_sentinel/build/esp-idf/esp_partition/CMakeFiles/__idf_esp_partition.dir
Searching for files in directory C:/Users/vishn/Documents/projects/Hackathon/my_firmware/craftiai_sentinel/build/esp-idf/esp_phy
Searching for files in directory C:/Users/vishn/Documents/projects/Hackathon/my_firmware/craftiai_sentinel/build/esp-idf/esp_phy/CMakeFiles
Searching for files in directory C:/Users/vishn/Documents/projects/Hackathon/my_firmware/craftiai_sentinel/build/esp-idf/esp_phy/CMakeFiles/__idf_esp_phy.dir
Searching for files in directory C:/Users/vishn/Documents/projects/Hackathon/my_firmware/craftiai_sentinel/build/esp-idf/esp_phy/CMakeFiles/__idf_esp_phy.dir/esp32c3
Searching for files in directory C:/Users/vishn/Documents/projects/Hackathon/my_firmware/craftiai_sentinel/build/esp-idf/esp_phy/CMakeFiles/__idf_esp_phy.dir/src
Searching for files in directory C:/Users/vishn/Documents/projects/Hackathon/my_firmware/craftiai_sentinel/build/esp-idf/esp_pm
Searching for files in directory C:/Users/vishn/Documents/projects/Hackathon/my_firmware/craftiai_sentinel/build/esp-idf/esp_pm/CMakeFiles
Searching for files in directory C:/Users/vishn/Documents/projects/Hackathon/my_firmware/craftiai_sentinel/build/esp-idf/esp_pm/CMakeFiles/__idf_esp_pm.dir
Searching for files in directory C:/Users/vishn/Documents/projects/Hackathon/my_firmware/craftiai_sentinel/build/esp-idf/esp_ringbuf
Searching for files in directory C:/Users/vishn/Documents/projects/Hackathon/my_firmware/craftiai_sentinel/build/esp-idf/esp_ringbuf/CMakeFiles
Searching for files in directory C:/Users/vishn/Documents/projects/Hackathon/my_firmware/craftiai_sentinel/build/esp-idf/esp_ringbuf/CMakeFiles/__idf_esp_ringbuf.dir
Searching for files in directory C:/Users/vishn/Documents/projects/Hackathon/my_firmware/craftiai_sentinel/build/esp-idf/esp_rom
Searching for files in directory C:/Users/vishn/Documents/projects/Hackathon/my_firmware/craftiai_sentinel/build/esp-idf/esp_rom/CMakeFiles
Searching for files in directory C:/Users/vishn/Documents/projects/Hackathon/my_firmware/craftiai_sentinel/build/esp-idf/esp_rom/CMakeFiles/__idf_esp_rom.dir
Searching for files in directory C:/Users/vishn/Documents/projects/Hackathon/my_firmware/craftiai_sentinel/build/esp-idf/esp_rom/CMakeFiles/__idf_esp_rom.dir/patches
Searching for files in directory C:/Users/vishn/Documents/projects/Hackathon/my_firmware/craftiai_sentinel/build/esp-idf/esp_security
Searching for files in directory C:/Users/vishn/Documents/projects/Hackathon/my_firmware/craftiai_sentinel/build/esp-idf/esp_security/CMakeFiles
Searching for files in directory C:/Users/vishn/Documents/projects/Hackathon/my_firmware/craftiai_sentinel/build/esp-idf/esp_security/CMakeFiles/__idf_esp_security.dir
Searching for files in directory C:/Users/vishn/Documents/projects/Hackathon/my_firmware/craftiai_sentinel/build/esp-idf/esp_security/CMakeFiles/__idf_esp_security.dir/src
Searching for files in directory C:/Users/vishn/Documents/projects/Hackathon/my_firmware/craftiai_sentinel/build/esp-idf/esp_system
Searching for files in directory C:/Users/vishn/Documents/projects/Hackathon/my_firmware/craftiai_sentinel/build/esp-idf/esp_system/CMakeFiles
Searching for files in directory C:/Users/vishn/Documents/projects/Hackathon/my_firmware/craftiai_sentinel/build/esp-idf/esp_system/CMakeFiles/__idf_esp_system.dir
Searching for files in directory C:/Users/vishn/Documents/projects/Hackathon/my_firmware/craftiai_sentinel/build/esp-idf/esp_system/CMakeFiles/__idf_esp_system.dir/port
Searching for files in directory C:/Users/vishn/Documents/projects/Hackathon/my_firmware/craftiai_sentinel/build/esp-idf/esp_system/CMakeFiles/__idf_esp_system.dir/port/arch
Searching for files in directory C:/Users/vishn/Documents/projects/Hackathon/my_firmware/craftiai_sentinel/build/esp-idf/esp_system/CMakeFiles/__idf_esp_system.dir/port/arch/riscv
Searching for files in directory C:/Users/vishn/Documents/projects/Hackathon/my_firmware/craftiai_sentinel/build/esp-idf/esp_system/CMakeFiles/__idf_esp_system.dir/port/soc
Searching for files in directory C:/Users/vishn/Documents/projects/Hackathon/my_firmware/craftiai_sentinel/build/esp-idf/esp_system/CMakeFiles/__idf_esp_system.dir/port/soc/esp32c3
Searching for files in directory C:/Users/vishn/Documents/projects/Hackathon/my_firmware/craftiai_sentinel/build/esp-idf/esp_system/CMakeFiles/__idf_esp_system.dir/task_wdt
Searching for files in directory C:/Users/vishn/Documents/projects/Hackathon/my_firmware/craftiai_sentinel/build/esp-idf/esp_system/ld
Searching for files in directory C:/Users/vishn/Documents/projects/Hackathon/my_firmware/craftiai_sentinel/build/esp-idf/esp_system/port
Searching for files in directory C:/Users/vishn/Documents/projects/Hackathon/my_firmware/craftiai_sentinel/build/esp-idf/esp_system/port/CMakeFiles
Searching for files in directory C:/Users/vishn/Documents/projects/Hackathon/my_firmware/craftiai_sentinel/build/esp-idf/esp_system/port/soc
Searching for files in directory C:/Users/vishn/Documents/projects/Hackathon/my_firmware/craftiai_sentinel/build/esp-idf/esp_system/port/soc/esp32c3
Searching for files in directory C:/Users/vishn/Documents/projects/Hackathon/my_firmware/craftiai_sentinel/build/esp-idf/esp_system/port/soc/esp32c3/CMakeFiles
Searching for files in directory C:/Users/vishn/Documents/projects/Hackathon/my_firmware/craftiai_sentinel/build/esp-idf/esp_timer
Searching for files in directory C:/Users/vishn/Documents/projects/Hackathon/my_firmware/craftiai_sentinel/build/esp-idf/esp_timer/CMakeFiles
Searching for files in directory C:/Users/vishn/Documents/projects/Hackathon/my_firmware/craftiai_sentinel/build/esp-idf/esp_timer/CMakeFiles/__idf_esp_timer.dir
Searching for files in directory C:/Users/vishn/Documents/projects/Hackathon/my_firmware/craftiai_sentinel/build/esp-idf/esp_timer/CMakeFiles/__idf_esp_timer.dir/src
Searching for files in directory C:/Users/vishn/Documents/projects/Hackathon/my_firmware/craftiai_sentinel/build/esp-idf/esp_vfs_console
Searching for files in directory C:/Users/vishn/Documents/projects/Hackathon/my_firmware/craftiai_sentinel/build/esp-idf/esp_vfs_console/CMakeFiles
Searching for files in directory C:/Users/vishn/Documents/projects/Hackathon/my_firmware/craftiai_sentinel/build/esp-idf/esp_vfs_console/CMakeFiles/__idf_esp_vfs_console.dir
Searching for files in directory C:/Users/vishn/Documents/projects/Hackathon/my_firmware/craftiai_sentinel/build/esp-idf/esp_wifi
Searching for files in directory C:/Users/vishn/Documents/projects/Hackathon/my_firmware/craftiai_sentinel/build/esp-idf/esp_wifi/CMakeFiles
Searching for files in directory C:/Users/vishn/Documents/projects/Hackathon/my_firmware/craftiai_sentinel/build/esp-idf/esp_wifi/CMakeFiles/__idf_esp_wifi.dir
Searching for files in directory C:/Users/vishn/Documents/projects/Hackathon/my_firmware/craftiai_sentinel/build/esp-idf/esp_wifi/CMakeFiles/__idf_esp_wifi.dir/esp32c3
Searching for files in directory C:/Users/vishn/Documents/projects/Hackathon/my_firmware/craftiai_sentinel/build/esp-idf/esp_wifi/CMakeFiles/__idf_esp_wifi.dir/regulatory
Searching for files in directory C:/Users/vishn/Documents/projects/Hackathon/my_firmware/craftiai_sentinel/build/esp-idf/esp_wifi/CMakeFiles/__idf_esp_wifi.dir/src
Searching for files in directory C:/Users/vishn/Documents/projects/Hackathon/my_firmware/craftiai_sentinel/build/esp-idf/firmgen_telemetry
Searching for files in directory C:/Users/vishn/Documents/projects/Hackathon/my_firmware/craftiai_sentinel/build/esp-idf/firmgen_telemetry/CMakeFiles
Searching for files in directory C:/Users/vishn/Documents/projects/Hackathon/my_firmware/craftiai_sentinel/build/esp-idf/firmgen_telemetry/CMakeFiles/__idf_firmgen_telemetry.dir
Searching for files in directory C:/Users/vishn/Documents/projects/Hackathon/my_firmware/craftiai_sentinel/build/esp-idf/freertos
Searching for files in directory C:/Users/vishn/Documents/projects/Hackathon/my_firmware/craftiai_sentinel/build/esp-idf/freertos/CMakeFiles
Searching for files in directory C:/Users/vishn/Documents/projects/Hackathon/my_firmware/craftiai_sentinel/build/esp-idf/freertos/CMakeFiles/__idf_freertos.dir
Searching for files in directory C:/Users/vishn/Documents/projects/Hackathon/my_firmware/craftiai_sentinel/build/esp-idf/freertos/CMakeFiles/__idf_freertos.dir/esp_additions
Searching for files in directory C:/Users/vishn/Documents/projects/Hackathon/my_firmware/craftiai_sentinel/build/esp-idf/freertos/CMakeFiles/__idf_freertos.dir/FreeRTOS-Kernel
Searching for files in directory C:/Users/vishn/Documents/projects/Hackathon/my_firmware/craftiai_sentinel/build/esp-idf/freertos/CMakeFiles/__idf_freertos.dir/FreeRTOS-Kernel/portable
Searching for files in directory C:/Users/vishn/Documents/projects/Hackathon/my_firmware/craftiai_sentinel/build/esp-idf/freertos/CMakeFiles/__idf_freertos.dir/FreeRTOS-Kernel/portable/riscv
Searching for files in directory C:/Users/vishn/Documents/projects/Hackathon/my_firmware/craftiai_sentinel/build/esp-idf/hal
Searching for files in directory C:/Users/vishn/Documents/projects/Hackathon/my_firmware/craftiai_sentinel/build/esp-idf/hal/CMakeFiles
Searching for files in directory C:/Users/vishn/Documents/projects/Hackathon/my_firmware/craftiai_sentinel/build/esp-idf/hal/CMakeFiles/__idf_hal.dir
Searching for files in directory C:/Users/vishn/Documents/projects/Hackathon/my_firmware/craftiai_sentinel/build/esp-idf/hal/CMakeFiles/__idf_hal.dir/esp32c3
Searching for files in directory C:/Users/vishn/Documents/projects/Hackathon/my_firmware/craftiai_sentinel/build/esp-idf/heap
Searching for files in directory C:/Users/vishn/Documents/projects/Hackathon/my_firmware/craftiai_sentinel/build/esp-idf/heap/CMakeFiles
Searching for files in directory C:/Users/vishn/Documents/projects/Hackathon/my_firmware/craftiai_sentinel/build/esp-idf/heap/CMakeFiles/__idf_heap.dir
Searching for files in directory C:/Users/vishn/Documents/projects/Hackathon/my_firmware/craftiai_sentinel/build/esp-idf/heap/CMakeFiles/__idf_heap.dir/port
Searching for files in directory C:/Users/vishn/Documents/projects/Hackathon/my_firmware/craftiai_sentinel/build/esp-idf/heap/CMakeFiles/__idf_heap.dir/port/esp32c3
Searching for files in directory C:/Users/vishn/Documents/projects/Hackathon/my_firmware/craftiai_sentinel/build/esp-idf/heap/CMakeFiles/__idf_heap.dir/tlsf
Searching for files in directory C:/Users/vishn/Documents/projects/Hackathon/my_firmware/craftiai_sentinel/build/esp-idf/http_parser
Searching for files in directory C:/Users/vishn/Documents/projects/Hackathon/my_firmware/craftiai_sentinel/build/esp-idf/http_parser/CMakeFiles
Searching for files in directory C:/Users/vishn/Documents/projects/Hackathon/my_firmware/craftiai_sentinel/build/esp-idf/http_parser/CMakeFiles/__idf_http_parser.dir
Searching for files in directory C:/Users/vishn/Documents/projects/Hackathon/my_firmware/craftiai_sentinel/build/esp-idf/log
Searching for files in directory C:/Users/vishn/Documents/projects/Hackathon/my_firmware/craftiai_sentinel/build/esp-idf/log/CMakeFiles
Searching for files in directory C:/Users/vishn/Documents/projects/Hackathon/my_firmware/craftiai_sentinel/build/esp-idf/log/CMakeFiles/__idf_log.dir
Searching for files in directory C:/Users/vishn/Documents/projects/Hackathon/my_firmware/craftiai_sentinel/build/esp-idf/log/CMakeFiles/__idf_log.dir/src
Searching for files in directory C:/Users/vishn/Documents/projects/Hackathon/my_firmware/craftiai_sentinel/build/esp-idf/log/CMakeFiles/__idf_log.dir/src/buffer
Searching for files in directory C:/Users/vishn/Documents/projects/Hackathon/my_firmware/craftiai_sentinel/build/esp-idf/log/CMakeFiles/__idf_log.dir/src/log_level
Searching for files in directory C:/Users/vishn/Documents/projects/Hackathon/my_firmware/craftiai_sentinel/build/esp-idf/log/CMakeFiles/__idf_log.dir/src/log_level/tag_log_level
Searching for files in directory C:/Users/vishn/Documents/projects/Hackathon/my_firmware/craftiai_sentinel/build/esp-idf/log/CMakeFiles/__idf_log.dir/src/log_level/tag_log_level/cache
Searching for files in directory C:/Users/vishn/Documents/projects/Hackathon/my_firmware/craftiai_sentinel/build/esp-idf/log/CMakeFiles/__idf_log.dir/src/log_level/tag_log_level/linked_list
Searching for files in directory C:/Users/vishn/Documents/projects/Hackathon/my_firmware/craftiai_sentinel/build/esp-idf/log/CMakeFiles/__idf_log.dir/src/os
Searching for files in directory C:/Users/vishn/Documents/projects/Hackathon/my_firmware/craftiai_sentinel/build/esp-idf/lwip
Searching for files in directory C:/Users/vishn/Documents/projects/Hackathon/my_firmware/craftiai_sentinel/build/esp-idf/lwip/CMakeFiles
Searching for files in directory C:/Users/vishn/Documents/projects/Hackathon/my_firmware/craftiai_sentinel/build/esp-idf/lwip/CMakeFiles/__idf_lwip.dir
Searching for files in directory C:/Users/vishn/Documents/projects/Hackathon/my_firmware/craftiai_sentinel/build/esp-idf/lwip/CMakeFiles/__idf_lwip.dir/apps
Searching for files in directory C:/Users/vishn/Documents/projects/Hackathon/my_firmware/craftiai_sentinel/build/esp-idf/lwip/CMakeFiles/__idf_lwip.dir/apps/dhcpserver
Searching for files in directory C:/Users/vishn/Documents/projects/Hackathon/my_firmware/craftiai_sentinel/build/esp-idf/lwip/CMakeFiles/__idf_lwip.dir/apps/ping
Searching for files in directory C:/Users/vishn/Documents/projects/Hackathon/my_firmware/craftiai_sentinel/build/esp-idf/lwip/CMakeFiles/__idf_lwip.dir/apps/sntp
Searching for files in directory C:/Users/vishn/Documents/projects/Hackathon/my_firmware/craftiai_sentinel/build/esp-idf/lwip/CMakeFiles/__idf_lwip.dir/lwip
Searching for files in directory C:/Users/vishn/Documents/projects/Hackathon/my_firmware/craftiai_sentinel/build/esp-idf/lwip/CMakeFiles/__idf_lwip.dir/lwip/src
Searching for files in directory C:/Users/vishn/Documents/projects/Hackathon/my_firmware/craftiai_sentinel/build/esp-idf/lwip/CMakeFiles/__idf_lwip.dir/lwip/src/api
Searching for files in directory C:/Users/vishn/Documents/projects/Hackathon/my_firmware/craftiai_sentinel/build/esp-idf/lwip/CMakeFiles/__idf_lwip.dir/lwip/src/apps
Searching for files in directory C:/Users/vishn/Documents/projects/Hackathon/my_firmware/craftiai_sentinel/build/esp-idf/lwip/CMakeFiles/__idf_lwip.dir/lwip/src/apps/netbiosns
Searching for files in directory C:/Users/vishn/Documents/projects/Hackathon/my_firmware/craftiai_sentinel/build/esp-idf/lwip/CMakeFiles/__idf_lwip.dir/lwip/src/apps/sntp
Searching for files in directory C:/Users/vishn/Documents/projects/Hackathon/my_firmware/craftiai_sentinel/build/esp-idf/lwip/CMakeFiles/__idf_lwip.dir/lwip/src/core
Searching for files in directory C:/Users/vishn/Documents/projects/Hackathon/my_firmware/craftiai_sentinel/build/esp-idf/lwip/CMakeFiles/__idf_lwip.dir/lwip/src/core/ipv4
Searching for files in directory C:/Users/vishn/Documents/projects/Hackathon/my_firmware/craftiai_sentinel/build/esp-idf/lwip/CMakeFiles/__idf_lwip.dir/lwip/src/core/ipv6
Searching for files in directory C:/Users/vishn/Documents/projects/Hackathon/my_firmware/craftiai_sentinel/build/esp-idf/lwip/CMakeFiles/__idf_lwip.dir/lwip/src/netif
Searching for files in directory C:/Users/vishn/Documents/projects/Hackathon/my_firmware/craftiai_sentinel/build/esp-idf/lwip/CMakeFiles/__idf_lwip.dir/lwip/src/netif/ppp
Searching for files in directory C:/Users/vishn/Documents/projects/Hackathon/my_firmware/craftiai_sentinel/build/esp-idf/lwip/CMakeFiles/__idf_lwip.dir/lwip/src/netif/ppp/polarssl
Searching for files in directory C:/Users/vishn/Documents/projects/Hackathon/my_firmware/craftiai_sentinel/build/esp-idf/lwip/CMakeFiles/__idf_lwip.dir/port
Searching for files in directory C:/Users/vishn/Documents/projects/Hackathon/my_firmware/craftiai_sentinel/build/esp-idf/lwip/CMakeFiles/__idf_lwip.dir/port/debug
Searching for files in directory C:/Users/vishn/Documents/projects/Hackathon/my_firmware/craftiai_sentinel/build/esp-idf/lwip/CMakeFiles/__idf_lwip.dir/port/esp32xx
Searching for files in directory C:/Users/vishn/Documents/projects/Hackathon/my_firmware/craftiai_sentinel/build/esp-idf/lwip/CMakeFiles/__idf_lwip.dir/port/freertos
Searching for files in directory C:/Users/vishn/Documents/projects/Hackathon/my_firmware/craftiai_sentinel/build/esp-idf/lwip/CMakeFiles/__idf_lwip.dir/port/hooks
Searching for files in directory C:/Users/vishn/Documents/projects/Hackathon/my_firmware/craftiai_sentinel/build/esp-idf/main
Searching for files in directory C:/Users/vishn/Documents/projects/Hackathon/my_firmware/craftiai_sentinel/build/esp-idf/main/CMakeFiles
Searching for files in directory C:/Users/vishn/Documents/projects/Hackathon/my_firmware/craftiai_sentinel/build/esp-idf/main/CMakeFiles/__idf_main.dir
Searching for files in directory C:/Users/vishn/Documents/projects/Hackathon/my_firmware/craftiai_sentinel/build/esp-idf/main/CMakeFiles/__idf_main.dir/__
Searching for files in directory C:/Users/vishn/Documents/projects/Hackathon/my_firmware/craftiai_sentinel/build/esp-idf/main/CMakeFiles/__idf_main.dir/__/firmware
Searching for files in directory C:/Users/vishn/Documents/projects/Hackathon/my_firmware/craftiai_sentinel/build/esp-idf/main/CMakeFiles/__idf_main.dir/__/firmware/app
Searching for files in directory C:/Users/vishn/Documents/projects/Hackathon/my_firmware/craftiai_sentinel/build/esp-idf/main/CMakeFiles/__idf_main.dir/__/firmware/platforms
Searching for files in directory C:/Users/vishn/Documents/projects/Hackathon/my_firmware/craftiai_sentinel/build/esp-idf/main/CMakeFiles/__idf_main.dir/__/firmware/platforms/esp32
Searching for files in directory C:/Users/vishn/Documents/projects/Hackathon/my_firmware/craftiai_sentinel/build/esp-idf/main/CMakeFiles/__idf_main.dir/__/firmware/services
Searching for files in directory C:/Users/vishn/Documents/projects/Hackathon/my_firmware/craftiai_sentinel/build/esp-idf/main/CMakeFiles/__idf_main.dir/__/firmware/utils
Searching for files in directory C:/Users/vishn/Documents/projects/Hackathon/my_firmware/craftiai_sentinel/build/esp-idf/main/CMakeFiles/__idf_main.dir/__/firmware/utils/helpers
Searching for files in directory C:/Users/vishn/Documents/projects/Hackathon/my_firmware/craftiai_sentinel/build/esp-idf/main/CMakeFiles/__idf_main.dir/__/firmware/utils/logger
Searching for files in directory C:/Users/vishn/Documents/projects/Hackathon/my_firmware/craftiai_sentinel/build/esp-idf/mbedtls
Searching for files in directory C:/Users/vishn/Documents/projects/Hackathon/my_firmware/craftiai_sentinel/build/esp-idf/mbedtls/CMakeFiles
Searching for files in directory C:/Users/vishn/Documents/projects/Hackathon/my_firmware/craftiai_sentinel/build/esp-idf/mbedtls/CMakeFiles/__idf_mbedtls.dir
Searching for files in directory C:/Users/vishn/Documents/projects/Hackathon/my_firmware/craftiai_sentinel/build/esp-idf/mbedtls/CMakeFiles/__idf_mbedtls.dir/esp_crt_bundle
Searching for files in directory C:/Users/vishn/Documents/projects/Hackathon/my_firmware/craftiai_sentinel/build/esp-idf/mbedtls/CMakeFiles/__idf_mbedtls.dir/__
Searching for files in directory C:/Users/vishn/Documents/projects/Hackathon/my_firmware/craftiai_sentinel/build/esp-idf/mbedtls/CMakeFiles/__idf_mbedtls.dir/__/__
Searching for files in directory C:/Users/vishn/Documents/projects/Hackathon/my_firmware/craftiai_sentinel/build/esp-idf/mbedtls/mbedtls
Searching for files in directory C:/Users/vishn/Documents/projects/Hackathon/my_firmware/craftiai_sentinel/build/esp-idf/mbedtls/mbedtls/3rdparty
Searching for files in directory C:/Users/vishn/Documents/projects/Hackathon/my_firmware/craftiai_sentinel/build/esp-idf/mbedtls/mbedtls/3rdparty/CMakeFiles
Searching for files in directory C:/Users/vishn/Documents/projects/Hackathon/my_firmware/craftiai_sentinel/build/esp-idf/mbedtls/mbedtls/3rdparty/everest
Searching for files in directory C:/Users/vishn/Documents/projects/Hackathon/my_firmware/craftiai_sentinel/build/esp-idf/mbedtls/mbedtls/3rdparty/everest/CMakeFiles
Searching for files in directory C:/Users/vishn/Documents/projects/Hackathon/my_firmware/craftiai_sentinel/build/esp-idf/mbedtls/mbedtls/3rdparty/everest/CMakeFiles/everest.dir
Searching for files in directory C:/Users/vishn/Documents/projects/Hackathon/my_firmware/craftiai_sentinel/build/esp-idf/mbedtls/mbedtls/3rdparty/everest/CMakeFiles/everest.dir/library
Searching for files in directory C:/Users/vishn/Documents/projects/Hackathon/my_firmware/craftiai_sentinel/build/esp-idf/mbedtls/mbedtls/3rdparty/p256-m
Searching for files in directory C:/Users/vishn/Documents/projects/Hackathon/my_firmware/craftiai_sentinel/build/esp-idf/mbedtls/mbedtls/3rdparty/p256-m/CMakeFiles
Searching for files in directory C:/Users/vishn/Documents/projects/Hackathon/my_firmware/craftiai_sentinel/build/esp-idf/mbedtls/mbedtls/3rdparty/p256-m/CMakeFiles/p256m.dir
Searching for files in directory C:/Users/vishn/Documents/projects/Hackathon/my_firmware/craftiai_sentinel/build/esp-idf/mbedtls/mbedtls/3rdparty/p256-m/CMakeFiles/p256m.dir/p256-m
Searching for files in directory C:/Users/vishn/Documents/projects/Hackathon/my_firmware/craftiai_sentinel/build/esp-idf/mbedtls/mbedtls/CMakeFiles
Searching for files in directory C:/Users/vishn/Documents/projects/Hackathon/my_firmware/craftiai_sentinel/build/esp-idf/mbedtls/mbedtls/include
Searching for files in directory C:/Users/vishn/Documents/projects/Hackathon/my_firmware/craftiai_sentinel/build/esp-idf/mbedtls/mbedtls/include/CMakeFiles
Searching for files in directory C:/Users/vishn/Documents/projects/Hackathon/my_firmware/craftiai_sentinel/build/esp-idf/mbedtls/mbedtls/library
Searching for files in directory C:/Users/vishn/Documents/projects/Hackathon/my_firmware/craftiai_sentinel/build/esp-idf/mbedtls/mbedtls/library/CMakeFiles
Searching for files in directory C:/Users/vishn/Documents/projects/Hackathon/my_firmware/craftiai_sentinel/build/esp-idf/mbedtls/mbedtls/library/CMakeFiles/mbedcrypto.dir
Searching for files in directory C:/Users/vishn/Documents/projects/Hackathon/my_firmware/craftiai_sentinel/build/esp-idf/mbedtls/mbedtls/library/CMakeFiles/mbedcrypto.dir/C_
Searching for files in directory C:/Users/vishn/Documents/projects/Hackathon/my_firmware/craftiai_sentinel/build/esp-idf/mbedtls/mbedtls/library/CMakeFiles/mbedcrypto.dir/C_/Espressif
Searching for files in directory C:/Users/vishn/Documents/projects/Hackathon/my_firmware/craftiai_sentinel/build/esp-idf/mbedtls/mbedtls/library/CMakeFiles/mbedcrypto.dir/C_/Espressif/esp-idf-release-v5.5
Searching for files in directory C:/Users/vishn/Documents/projects/Hackathon/my_firmware/craftiai_sentinel/build/esp-idf/mbedtls/mbedtls/library/CMakeFiles/mbedcrypto.dir/C_/Espressif/esp-idf-release-v5.5/components
Searching for files in directory C:/Users/vishn/Documents/projects/Hackathon/my_firmware/craftiai_sentinel/build/esp-idf/mbedtls/mbedtls/library/CMakeFiles/mbedcrypto.dir/C_/Espressif/esp-idf-release-v5.5/components/mbedtls
Searching for files in directory C:/Users/vishn/Documents/projects/Hackathon/my_firmware/craftiai_sentinel/build/esp-idf/mbedtls/mbedtls/library/CMakeFiles/mbedcrypto.dir/C_/Espressif/esp-idf-release-v5.5/components/mbedtls/port
Searching for files in directory C:/Users/vishn/Documents/projects/Hackathon/my_firmware/craftiai_sentinel/build/esp-idf/mbedtls/mbedtls/library/CMakeFiles/mbedcrypto.dir/C_/Espressif/esp-idf-release-v5.5/components/mbedtls/port/aes
Searching for files in directory C:/Users/vishn/Documents/projects/Hackathon/my_firmware/craftiai_sentinel/build/esp-idf/mbedtls/mbedtls/library/CMakeFiles/mbedcrypto.dir/C_/Espressif/esp-idf-release-v5.5/components/mbedtls/port/aes/dma
Searching for files in directory C:/Users/vishn/Documents/projects/Hackathon/my_firmware/craftiai_sentinel/build/esp-idf/mbedtls/mbedtls/library/CMakeFiles/mbedcrypto.dir/C_/Espressif/esp-idf-release-v5.5/components/mbedtls/port/bignum
Searching for files in directory C:/Users/vishn/Documents/projects/Hackathon/my_firmware/craftiai_sentinel/build/esp-idf/mbedtls/mbedtls/library/CMakeFiles/mbedcrypto.dir/C_/Espressif/esp-idf-release-v5.5/components/mbedtls/port/crypto_shared_gdma
Searching for files in directory C:/Users/vishn/Documents/projects/Hackathon/my_firmware/craftiai_sentinel/build/esp-idf/mbedtls/mbedtls/library/CMakeFiles/mbedcrypto.dir/C_/Espressif/esp-idf-release-v5.5/components/mbedtls/port/md
Searching for files in directory C:/Users/vishn/Documents/projects/Hackathon/my_firmware/craftiai_sentinel/build/esp-idf/mbedtls/mbedtls/library/CMakeFiles/mbedcrypto.dir/C_/Espressif/esp-idf-release-v5.5/components/mbedtls/port/sha
Searching for files in directory C:/Users/vishn/Documents/projects/Hackathon/my_firmware/craftiai_sentinel/build/esp-idf/mbedtls/mbedtls/library/CMakeFiles/mbedcrypto.dir/C_/Espressif/esp-idf-release-v5.5/components/mbedtls/port/sha/core
Searching for files in directory C:/Users/vishn/Documents/projects/Hackathon/my_firmware/craftiai_sentinel/build/esp-idf/mbedtls/mbedtls/library/CMakeFiles/mbedtls.dir
Searching for files in directory C:/Users/vishn/Documents/projects/Hackathon/my_firmware/craftiai_sentinel/build/esp-idf/mbedtls/mbedtls/library/CMakeFiles/mbedtls.dir/C_
Searching for files in directory C:/Users/vishn/Documents/projects/Hackathon/my_firmware/craftiai_sentinel/build/esp-idf/mbedtls/mbedtls/library/CMakeFiles/mbedtls.dir/C_/Espressif
Searching for files in directory C:/Users/vishn/Documents/projects/Hackathon/my_firmware/craftiai_sentinel/build/esp-idf/mbedtls/mbedtls/library/CMakeFiles/mbedtls.dir/C_/Espressif/esp-idf-release-v5.5
Searching for files in directory C:/Users/vishn/Documents/projects/Hackathon/my_firmware/craftiai_sentinel/build/esp-idf/mbedtls/mbedtls/library/CMakeFiles/mbedtls.dir/C_/Espressif/esp-idf-release-v5.5/components
Searching for files in directory C:/Users/vishn/Documents/projects/Hackathon/my_firmware/craftiai_sentinel/build/esp-idf/mbedtls/mbedtls/library/CMakeFiles/mbedtls.dir/C_/Espressif/esp-idf-release-v5.5/components/mbedtls
Searching for files in directory C:/Users/vishn/Documents/projects/Hackathon/my_firmware/craftiai_sentinel/build/esp-idf/mbedtls/mbedtls/library/CMakeFiles/mbedtls.dir/C_/Espressif/esp-idf-release-v5.5/components/mbedtls/port
Searching for files in directory C:/Users/vishn/Documents/projects/Hackathon/my_firmware/craftiai_sentinel/build/esp-idf/mbedtls/mbedtls/library/CMakeFiles/mbedx509.dir
Searching for files in directory C:/Users/vishn/Documents/projects/Hackathon/my_firmware/craftiai_sentinel/build/esp-idf/mbedtls/mbedtls/pkgconfig
Searching for files in directory C:/Users/vishn/Documents/projects/Hackathon/my_firmware/craftiai_sentinel/build/esp-idf/mbedtls/mbedtls/pkgconfig/CMakeFiles
Searching for files in directory C:/Users/vishn/Documents/projects/Hackathon/my_firmware/craftiai_sentinel/build/esp-idf/newlib
Searching for files in directory C:/Users/vishn/Documents/projects/Hackathon/my_firmware/craftiai_sentinel/build/esp-idf/newlib/CMakeFiles
Searching for files in directory C:/Users/vishn/Documents/projects/Hackathon/my_firmware/craftiai_sentinel/build/esp-idf/newlib/CMakeFiles/__idf_newlib.dir
Searching for files in directory C:/Users/vishn/Documents/projects/Hackathon/my_firmware/craftiai_sentinel/build/esp-idf/newlib/CMakeFiles/__idf_newlib.dir/src
Searching for files in directory C:/Users/vishn/Documents/projects/Hackathon/my_firmware/craftiai_sentinel/build/esp-idf/newlib/CMakeFiles/__idf_newlib.dir/src/port
Searching for files in directory C:/Users/vishn/Documents/projects/Hackathon/my_firmware/craftiai_sentinel/build/esp-idf/newlib/src
Searching for files in directory C:/Users/vishn/Documents/projects/Hackathon/my_firmware/craftiai_sentinel/build/esp-idf/newlib/src/port
Searching for files in directory C:/Users/vishn/Documents/projects/Hackathon/my_firmware/craftiai_sentinel/build/esp-idf/newlib/src/port/CMakeFiles
Searching for files in directory C:/Users/vishn/Documents/projects/Hackathon/my_firmware/craftiai_sentinel/build/esp-idf/nvs_flash
Searching for files in directory C:/Users/vishn/Documents/projects/Hackathon/my_firmware/craftiai_sentinel/build/esp-idf/nvs_flash/CMakeFiles
Searching for files in directory C:/Users/vishn/Documents/projects/Hackathon/my_firmware/craftiai_sentinel/build/esp-idf/nvs_flash/CMakeFiles/__idf_nvs_flash.dir
Searching for files in directory C:/Users/vishn/Documents/projects/Hackathon/my_firmware/craftiai_sentinel/build/esp-idf/nvs_flash/CMakeFiles/__idf_nvs_flash.dir/src
Searching for files in directory C:/Users/vishn/Documents/projects/Hackathon/my_firmware/craftiai_sentinel/build/esp-idf/partition_table
Searching for files in directory C:/Users/vishn/Documents/projects/Hackathon/my_firmware/craftiai_sentinel/build/esp-idf/partition_table/CMakeFiles
Searching for files in directory C:/Users/vishn/Documents/projects/Hackathon/my_firmware/craftiai_sentinel/build/esp-idf/pthread
Searching for files in directory C:/Users/vishn/Documents/projects/Hackathon/my_firmware/craftiai_sentinel/build/esp-idf/pthread/CMakeFiles
Searching for files in directory C:/Users/vishn/Documents/projects/Hackathon/my_firmware/craftiai_sentinel/build/esp-idf/pthread/CMakeFiles/__idf_pthread.dir
Searching for files in directory C:/Users/vishn/Documents/projects/Hackathon/my_firmware/craftiai_sentinel/build/esp-idf/riscv
Searching for files in directory C:/Users/vishn/Documents/projects/Hackathon/my_firmware/craftiai_sentinel/build/esp-idf/riscv/CMakeFiles
Searching for files in directory C:/Users/vishn/Documents/projects/Hackathon/my_firmware/craftiai_sentinel/build/esp-idf/riscv/CMakeFiles/__idf_riscv.dir
Searching for files in directory C:/Users/vishn/Documents/projects/Hackathon/my_firmware/craftiai_sentinel/build/esp-idf/soc
Searching for files in directory C:/Users/vishn/Documents/projects/Hackathon/my_firmware/craftiai_sentinel/build/esp-idf/soc/CMakeFiles
Searching for files in directory C:/Users/vishn/Documents/projects/Hackathon/my_firmware/craftiai_sentinel/build/esp-idf/soc/CMakeFiles/__idf_soc.dir
Searching for files in directory C:/Users/vishn/Documents/projects/Hackathon/my_firmware/craftiai_sentinel/build/esp-idf/soc/CMakeFiles/__idf_soc.dir/esp32c3
Searching for files in directory C:/Users/vishn/Documents/projects/Hackathon/my_firmware/craftiai_sentinel/build/esp-idf/spi_flash
Searching for files in directory C:/Users/vishn/Documents/projects/Hackathon/my_firmware/craftiai_sentinel/build/esp-idf/spi_flash/CMakeFiles
Searching for files in directory C:/Users/vishn/Documents/projects/Hackathon/my_firmware/craftiai_sentinel/build/esp-idf/spi_flash/CMakeFiles/__idf_spi_flash.dir
Searching for files in directory C:/Users/vishn/Documents/projects/Hackathon/my_firmware/craftiai_sentinel/build/esp-idf/vfs
Searching for files in directory C:/Users/vishn/Documents/projects/Hackathon/my_firmware/craftiai_sentinel/build/esp-idf/vfs/CMakeFiles
Searching for files in directory C:/Users/vishn/Documents/projects/Hackathon/my_firmware/craftiai_sentinel/build/esp-idf/vfs/CMakeFiles/__idf_vfs.dir
Searching for files in directory C:/Users/vishn/Documents/projects/Hackathon/my_firmware/craftiai_sentinel/build/esp-idf/wpa_supplicant
Searching for files in directory C:/Users/vishn/Documents/projects/Hackathon/my_firmware/craftiai_sentinel/build/esp-idf/wpa_supplicant/CMakeFiles
Searching for files in directory C:/Users/vishn/Documents/projects/Hackathon/my_firmware/craftiai_sentinel/build/esp-idf/wpa_supplicant/CMakeFiles/__idf_wpa_supplicant.dir
Searching for files in directory C:/Users/vishn/Documents/projects/Hackathon/my_firmware/craftiai_sentinel/build/esp-idf/wpa_supplicant/CMakeFiles/__idf_wpa_supplicant.dir/esp_supplicant
Searching for files in directory C:/Users/vishn/Documents/projects/Hackathon/my_firmware/craftiai_sentinel/build/esp-idf/wpa_supplicant/CMakeFiles/__idf_wpa_supplicant.dir/esp_supplicant/src
Searching for files in directory C:/Users/vishn/Documents/projects/Hackathon/my_firmware/craftiai_sentinel/build/esp-idf/wpa_supplicant/CMakeFiles/__idf_wpa_supplicant.dir/esp_supplicant/src/crypto
Searching for files in directory C:/Users/vishn/Documents/projects/Hackathon/my_firmware/craftiai_sentinel/build/esp-idf/wpa_supplicant/CMakeFiles/__idf_wpa_supplicant.dir/port
Searching for files in directory C:/Users/vishn/Documents/projects/Hackathon/my_firmware/craftiai_sentinel/build/esp-idf/wpa_supplicant/CMakeFiles/__idf_wpa_supplicant.dir/src
Searching for files in directory C:/Users/vishn/Documents/projects/Hackathon/my_firmware/craftiai_sentinel/build/esp-idf/wpa_supplicant/CMakeFiles/__idf_wpa_supplicant.dir/src/ap
Searching for files in directory C:/Users/vishn/Documents/projects/Hackathon/my_firmware/craftiai_sentinel/build/esp-idf/wpa_supplicant/CMakeFiles/__idf_wpa_supplicant.dir/src/common
Searching for files in directory C:/Users/vishn/Documents/projects/Hackathon/my_firmware/craftiai_sentinel/build/esp-idf/wpa_supplicant/CMakeFiles/__idf_wpa_supplicant.dir/src/crypto
Searching for files in directory C:/Users/vishn/Documents/projects/Hackathon/my_firmware/craftiai_sentinel/build/esp-idf/wpa_supplicant/CMakeFiles/__idf_wpa_supplicant.dir/src/eap_common
Searching for files in directory C:/Users/vishn/Documents/projects/Hackathon/my_firmware/craftiai_sentinel/build/esp-idf/wpa_supplicant/CMakeFiles/__idf_wpa_supplicant.dir/src/eap_peer
Searching for files in directory C:/Users/vishn/Documents/projects/Hackathon/my_firmware/craftiai_sentinel/build/esp-idf/wpa_supplicant/CMakeFiles/__idf_wpa_supplicant.dir/src/rsn_supp
Searching for files in directory C:/Users/vishn/Documents/projects/Hackathon/my_firmware/craftiai_sentinel/build/esp-idf/wpa_supplicant/CMakeFiles/__idf_wpa_supplicant.dir/src/utils
Searching for files in directory C:/Users/vishn/Documents/projects/Hackathon/my_firmware/craftiai_sentinel/build/esp-idf/wpa_supplicant/CMakeFiles/__idf_wpa_supplicant.dir/src/wps
Searching for files in directory C:/Users/vishn/Documents/projects/Hackathon/my_firmware/craftiai_sentinel/build/gdbinit
Searching for files in directory C:/Users/vishn/Documents/projects/Hackathon/my_firmware/craftiai_sentinel/build/log
Searching for files in directory C:/Users/vishn/Documents/projects/Hackathon/my_firmware/craftiai_sentinel/build/partition_table
Searching for files in directory C:/Users/vishn/Documents/projects/Hackathon/my_firmware/craftiai_sentinel/.git
Searching for files in directory C:/Users/vishn/Documents/projects/Hackathon/my_firmware/craftiai_sentinel/.git/hooks
Searching for files in directory C:/Users/vishn/Documents/projects/Hackathon/my_firmware/craftiai_sentinel/.git/info
Searching for files in directory C:/Users/vishn/Documents/projects/Hackathon/my_firmware/craftiai_sentinel/.git/objects
Searching for files in directory C:/Users/vishn/Documents/projects/Hackathon/my_firmware/craftiai_sentinel/.git/objects/4b
Searching for files in directory C:/Users/vishn/Documents/projects/Hackathon/my_firmware/craftiai_sentinel/.git/objects/info
Searching for files in directory C:/Users/vishn/Documents/projects/Hackathon/my_firmware/craftiai_sentinel/.git/objects/pack
Searching for files in directory C:/Users/vishn/Documents/projects/Hackathon/my_firmware/craftiai_sentinel/.git/refs
Searching for files in directory C:/Users/vishn/Documents/projects/Hackathon/my_firmware/craftiai_sentinel/.git/refs/heads
Searching for files in directory C:/Users/vishn/Documents/projects/Hackathon/my_firmware/craftiai_sentinel/.git/refs/tags
Searching INPUT for files to process...
Searching for files in directory C:/Users/vishn/Documents/projects/Hackathon/my_firmware/craftiai_sentinel/firmware
Searching for files in directory C:/Users/vishn/Documents/projects/Hackathon/my_firmware/craftiai_sentinel/firmware/app
Searching for files in directory C:/Users/vishn/Documents/projects/Hackathon/my_firmware/craftiai_sentinel/firmware/configs
Searching for files in directory C:/Users/vishn/Documents/projects/Hackathon/my_firmware/craftiai_sentinel/firmware/docs
Searching for files in directory C:/Users/vishn/Documents/projects/Hackathon/my_firmware/craftiai_sentinel/firmware/docs/api
Searching for files in directory C:/Users/vishn/Documents/projects/Hackathon/my_firmware/craftiai_sentinel/firmware/interfaces
Searching for files in directory C:/Users/vishn/Documents/projects/Hackathon/my_firmware/craftiai_sentinel/firmware/modules
Searching for files in directory C:/Users/vishn/Documents/projects/Hackathon/my_firmware/craftiai_sentinel/firmware/platforms
Searching for files in directory C:/Users/vishn/Documents/projects/Hackathon/my_firmware/craftiai_sentinel/firmware/platforms/esp32
Searching for files in directory C:/Users/vishn/Documents/projects/Hackathon/my_firmware/craftiai_sentinel/firmware/scripts
Searching for files in directory C:/Users/vishn/Documents/projects/Hackathon/my_firmware/craftiai_sentinel/firmware/services
Searching for files in directory C:/Users/vishn/Documents/projects/Hackathon/my_firmware/craftiai_sentinel/firmware/tests
Searching for files in directory C:/Users/vishn/Documents/projects/Hackathon/my_firmware/craftiai_sentinel/firmware/utils
Searching for files in directory C:/Users/vishn/Documents/projects/Hackathon/my_firmware/craftiai_sentinel/firmware/utils/helpers
Searching for files in directory C:/Users/vishn/Documents/projects/Hackathon/my_firmware/craftiai_sentinel/firmware/utils/logger
Reading and parsing tag files
Parsing files
Preprocessing C:/Users/vishn/Documents/projects/Hackathon/my_firmware/craftiai_sentinel/firmware/app/app.c...
Parsing file C:/Users/vishn/Documents/projects/Hackathon/my_firmware/craftiai_sentinel/firmware/app/app.c...
Preprocessing C:/Users/vishn/Documents/projects/Hackathon/my_firmware/craftiai_sentinel/firmware/app/app.h...
Parsing file C:/Users/vishn/Documents/projects/Hackathon/my_firmware/craftiai_sentinel/firmware/app/app.h...
Preprocessing C:/Users/vishn/Documents/projects/Hackathon/my_firmware/craftiai_sentinel/firmware/configs/app_config.h...
Parsing file C:/Users/vishn/Documents/projects/Hackathon/my_firmware/craftiai_sentinel/firmware/configs/app_config.h...
Preprocessing C:/Users/vishn/Documents/projects/Hackathon/my_firmware/craftiai_sentinel/firmware/configs/build_config.h...
Parsing file C:/Users/vishn/Documents/projects/Hackathon/my_firmware/craftiai_sentinel/firmware/configs/build_config.h...
Preprocessing C:/Users/vishn/Documents/projects/Hackathon/my_firmware/craftiai_sentinel/firmware/configs/platform_config.h...
Parsing file C:/Users/vishn/Documents/projects/Hackathon/my_firmware/craftiai_sentinel/firmware/configs/platform_config.h...
Reading C:/Users/vishn/Documents/projects/Hackathon/my_firmware/craftiai_sentinel/firmware/docs/overview.md...
Preprocessing C:/Users/vishn/Documents/projects/Hackathon/my_firmware/craftiai_sentinel/firmware/interfaces/vibration_source.h...
Parsing file C:/Users/vishn/Documents/projects/Hackathon/my_firmware/craftiai_sentinel/firmware/interfaces/vibration_source.h...
Preprocessing C:/Users/vishn/Documents/projects/Hackathon/my_firmware/craftiai_sentinel/firmware/platforms/esp32/led_platform.c...
Parsing file C:/Users/vishn/Documents/projects/Hackathon/my_firmware/craftiai_sentinel/firmware/platforms/esp32/led_platform.c...
Preprocessing C:/Users/vishn/Documents/projects/Hackathon/my_firmware/craftiai_sentinel/firmware/platforms/esp32/led_platform.h...
Parsing file C:/Users/vishn/Documents/projects/Hackathon/my_firmware/craftiai_sentinel/firmware/platforms/esp32/led_platform.h...
Preprocessing C:/Users/vishn/Documents/projects/Hackathon/my_firmware/craftiai_sentinel/firmware/platforms/esp32/sensor_platform.c...
Parsing file C:/Users/vishn/Documents/projects/Hackathon/my_firmware/craftiai_sentinel/firmware/platforms/esp32/sensor_platform.c...
Preprocessing C:/Users/vishn/Documents/projects/Hackathon/my_firmware/craftiai_sentinel/firmware/platforms/esp32/sensor_platform.h...
Parsing file C:/Users/vishn/Documents/projects/Hackathon/my_firmware/craftiai_sentinel/firmware/platforms/esp32/sensor_platform.h...
Reading C:/Users/vishn/Documents/projects/Hackathon/my_firmware/craftiai_sentinel/firmware/README.md...
Preprocessing C:/Users/vishn/Documents/projects/Hackathon/my_firmware/craftiai_sentinel/firmware/services/anomaly_detector.c...
Parsing file C:/Users/vishn/Documents/projects/Hackathon/my_firmware/craftiai_sentinel/firmware/services/anomaly_detector.c...
Preprocessing C:/Users/vishn/Documents/projects/Hackathon/my_firmware/craftiai_sentinel/firmware/services/anomaly_detector.h...
Parsing file C:/Users/vishn/Documents/projects/Hackathon/my_firmware/craftiai_sentinel/firmware/services/anomaly_detector.h...
Preprocessing C:/Users/vishn/Documents/projects/Hackathon/my_firmware/craftiai_sentinel/firmware/services/baseline_learner.c...
Parsing file C:/Users/vishn/Documents/projects/Hackathon/my_firmware/craftiai_sentinel/firmware/services/baseline_learner.c...
Preprocessing C:/Users/vishn/Documents/projects/Hackathon/my_firmware/craftiai_sentinel/firmware/services/baseline_learner.h...
Parsing file C:/Users/vishn/Documents/projects/Hackathon/my_firmware/craftiai_sentinel/firmware/services/baseline_learner.h...
Preprocessing C:/Users/vishn/Documents/projects/Hackathon/my_firmware/craftiai_sentinel/firmware/services/commissioning.c...
Parsing file C:/Users/vishn/Documents/projects/Hackathon/my_firmware/craftiai_sentinel/firmware/services/commissioning.c...
Preprocessing C:/Users/vishn/Documents/projects/Hackathon/my_firmware/craftiai_sentinel/firmware/services/commissioning.h...
Parsing file C:/Users/vishn/Documents/projects/Hackathon/my_firmware/craftiai_sentinel/firmware/services/commissioning.h...
Preprocessing C:/Users/vishn/Documents/projects/Hackathon/my_firmware/craftiai_sentinel/firmware/services/dashboard.c...
Parsing file C:/Users/vishn/Documents/projects/Hackathon/my_firmware/craftiai_sentinel/firmware/services/dashboard.c...
Preprocessing C:/Users/vishn/Documents/projects/Hackathon/my_firmware/craftiai_sentinel/firmware/services/dashboard.h...
Parsing file C:/Users/vishn/Documents/projects/Hackathon/my_firmware/craftiai_sentinel/firmware/services/dashboard.h...
Preprocessing C:/Users/vishn/Documents/projects/Hackathon/my_firmware/craftiai_sentinel/firmware/services/operating_state.c...
Parsing file C:/Users/vishn/Documents/projects/Hackathon/my_firmware/craftiai_sentinel/firmware/services/operating_state.c...
Preprocessing C:/Users/vishn/Documents/projects/Hackathon/my_firmware/craftiai_sentinel/firmware/services/operating_state.h...
Parsing file C:/Users/vishn/Documents/projects/Hackathon/my_firmware/craftiai_sentinel/firmware/services/operating_state.h...
Preprocessing C:/Users/vishn/Documents/projects/Hackathon/my_firmware/craftiai_sentinel/firmware/services/telemetry.c...
Parsing file C:/Users/vishn/Documents/projects/Hackathon/my_firmware/craftiai_sentinel/firmware/services/telemetry.c...
Preprocessing C:/Users/vishn/Documents/projects/Hackathon/my_firmware/craftiai_sentinel/firmware/services/telemetry.h...
Parsing file C:/Users/vishn/Documents/projects/Hackathon/my_firmware/craftiai_sentinel/firmware/services/telemetry.h...
Preprocessing C:/Users/vishn/Documents/projects/Hackathon/my_firmware/craftiai_sentinel/firmware/utils/helpers/helpers.c...
Parsing file C:/Users/vishn/Documents/projects/Hackathon/my_firmware/craftiai_sentinel/firmware/utils/helpers/helpers.c...
Preprocessing C:/Users/vishn/Documents/projects/Hackathon/my_firmware/craftiai_sentinel/firmware/utils/helpers/helpers.h...
Parsing file C:/Users/vishn/Documents/projects/Hackathon/my_firmware/craftiai_sentinel/firmware/utils/helpers/helpers.h...
Preprocessing C:/Users/vishn/Documents/projects/Hackathon/my_firmware/craftiai_sentinel/firmware/utils/logger/logger.c...
Parsing file C:/Users/vishn/Documents/projects/Hackathon/my_firmware/craftiai_sentinel/firmware/utils/logger/logger.c...
Preprocessing C:/Users/vishn/Documents/projects/Hackathon/my_firmware/craftiai_sentinel/firmware/utils/logger/logger.h...
Parsing file C:/Users/vishn/Documents/projects/Hackathon/my_firmware/craftiai_sentinel/firmware/utils/logger/logger.h...
Building macro definition list...
Building group list...
Building directory list...
Building namespace list...
Building file list...
Building class list...
Building concept list...
Computing nesting relations for classes...
Associating documentation with classes...
Associating documentation with concepts...
Associating documentation with modules...
Building example list...
Searching for enumerations...
Searching for documented typedefs...
Searching for members imported via using declarations...
Searching for included using directives...
Searching for documented variables...
Building interface member list...
Building member list...
Searching for friends...
Searching for documented defines...
Computing class inheritance relations...
Computing class usage relations...
Flushing cached template relations that have become invalid...
Warn for undocumented namespaces...
Computing class relations...
Add enum values to enums...
Searching for member function documentation...
Creating members for template instances...
Building page list...
Building requirements list...
Search for main page...
Computing page relations...
Determining the scope of groups...
Computing module relations...
Sorting lists...
Determining which enums are documented
Computing member relations...
Building full member lists recursively...
Adding members to member groups.
Distributing member group documentation.
Computing member references...
Inheriting documentation...
Generating disk names...
Adding source references...
Adding xrefitems...
Adding requirements...
Sorting member lists...
Setting anonymous enum type...
Computing dependencies between directories...
Generating citations page...
Counting members...
Counting data structures...
Resolving user defined references...
Finding anchors and sections in the documentation...
Transferring function references...
Combining using relations...
Adding members to index pages...
Correcting members for VHDL...
Computing tooltip texts...
Generating style sheet...
Generating search indices...
Generating example documentation...
Generating file sources...
Generating code for file firmware/app/app.c...
Generating code for file firmware/app/app.h...
Generating code for file firmware/configs/app_config.h...
Generating code for file firmware/configs/build_config.h...
Generating code for file firmware/configs/platform_config.h...
Parsing code for file firmware/docs/overview.md...
Generating code for file firmware/interfaces/vibration_source.h...
Generating code for file firmware/platforms/esp32/led_platform.c...
Generating code for file firmware/platforms/esp32/led_platform.h...
Generating code for file firmware/platforms/esp32/sensor_platform.c...
Generating code for file firmware/platforms/esp32/sensor_platform.h...
Parsing code for file firmware/README.md...
Generating code for file firmware/services/anomaly_detector.c...
Generating code for file firmware/services/anomaly_detector.h...
Generating code for file firmware/services/baseline_learner.c...
Generating code for file firmware/services/baseline_learner.h...
Generating code for file firmware/services/commissioning.c...
Generating code for file firmware/services/commissioning.h...
Generating code for file firmware/services/dashboard.c...
Generating code for file firmware/services/dashboard.h...
Generating code for file firmware/services/operating_state.c...
Generating code for file firmware/services/operating_state.h...
Generating code for file firmware/services/telemetry.c...
Generating code for file firmware/services/telemetry.h...
Generating code for file firmware/utils/helpers/helpers.c...
Generating code for file firmware/utils/helpers/helpers.h...
Generating code for file firmware/utils/logger/logger.c...
Generating code for file firmware/utils/logger/logger.h...
Generating file documentation...
Generating docs for file firmware/app/app.c...
Generating call graph for function app_start
Generating docs for file firmware/app/app.h...
Generating call graph for function app_start
Generating docs for file firmware/configs/app_config.h...
Generating docs for file firmware/configs/build_config.h...
Generating docs for file firmware/configs/platform_config.h...
Generating docs for file firmware/docs/overview.md...
Generating docs for file firmware/interfaces/vibration_source.h...
Generating call graph for function vibration_source_init
Generating call graph for function vibration_source_read
Generating caller graph for function vibration_source_read
Generating docs for file firmware/platforms/esp32/led_platform.c...
Generating caller graph for function led_platform_init
Generating caller graph for function led_platform_set_status
Generating call graph for function led_platform_start
Generating caller graph for function led_platform_start
Generating call graph for function led_platform_task
Generating caller graph for function led_platform_task
Generating caller graph for function status_color
Generating docs for file firmware/platforms/esp32/led_platform.h...
Generating caller graph for function led_platform_init
Generating caller graph for function led_platform_set_status
Generating call graph for function led_platform_start
Generating caller graph for function led_platform_start
Generating docs for file firmware/platforms/esp32/sensor_platform.c...
Generating caller graph for function add_device
Generating call graph for function detect_motion
Generating caller graph for function detect_motion
Generating call graph for function detect_pressure
Generating caller graph for function detect_pressure
Generating caller graph for function print_scan
Generating call graph for function read_bmp180_calibration
Generating caller graph for function read_bmp180_calibration
Generating caller graph for function read_register
Generating call graph for function sensor_platform_init
Generating caller graph for function sensor_platform_init
Generating call graph for function sensor_platform_start
Generating caller graph for function sensor_platform_start
Generating call graph for function sensor_task
Generating caller graph for function sensor_task
Generating caller graph for function sensor_timer_callback
Generating call graph for function update_temperature
Generating caller graph for function update_temperature
Generating call graph for function vibration_source_init
Generating call graph for function vibration_source_read
Generating caller graph for function vibration_source_read
Generating caller graph for function write_register
Generating docs for file firmware/platforms/esp32/sensor_platform.h...
Generating call graph for function sensor_platform_init
Generating caller graph for function sensor_platform_init
Generating call graph for function sensor_platform_start
Generating caller graph for function sensor_platform_start
Generating docs for file firmware/README.md...
Generating docs for file firmware/services/anomaly_detector.c...
Generating caller graph for function anomaly_detector_init
Generating caller graph for function anomaly_detector_name
Generating call graph for function anomaly_detector_update
Generating caller graph for function anomaly_detector_update
Generating docs for file firmware/services/anomaly_detector.h...
Generating caller graph for function anomaly_detector_init
Generating caller graph for function anomaly_detector_name
Generating call graph for function anomaly_detector_update
Generating caller graph for function anomaly_detector_update
Generating docs for file firmware/services/baseline_learner.c...
Generating caller graph for function baseline_learner_critical_g
Generating call graph for function baseline_learner_cycle_complete
Generating caller graph for function baseline_learner_cycle_complete
Generating caller graph for function baseline_learner_cycles
Generating call graph for function baseline_learner_init
Generating caller graph for function baseline_learner_init
Generating caller graph for function baseline_learner_is_learning
Generating caller graph for function baseline_learner_is_valid
Generating call graph for function baseline_learner_load
Generating caller graph for function baseline_learner_load
Generating caller graph for function baseline_learner_observe
Generating caller graph for function baseline_learner_reset
Generating call graph for function baseline_learner_save
Generating caller graph for function baseline_learner_save
Generating caller graph for function baseline_learner_set_learning
Generating caller graph for function baseline_learner_warning_g
Generating caller graph for function calculate_thresholds
Generating caller graph for function checksum
Generating call graph for function observe_sequence
Generating docs for file firmware/services/baseline_learner.h...
Generating caller graph for function baseline_learner_critical_g
Generating call graph for function baseline_learner_cycle_complete
Generating caller graph for function baseline_learner_cycle_complete
Generating caller graph for function baseline_learner_cycles
Generating call graph for function baseline_learner_init
Generating caller graph for function baseline_learner_init
Generating caller graph for function baseline_learner_is_learning
Generating caller graph for function baseline_learner_is_valid
Generating call graph for function baseline_learner_load
Generating caller graph for function baseline_learner_load
Generating caller graph for function baseline_learner_observe
Generating caller graph for function baseline_learner_reset
Generating call graph for function baseline_learner_save
Generating caller graph for function baseline_learner_save
Generating caller graph for function baseline_learner_set_learning
Generating caller graph for function baseline_learner_warning_g
Generating docs for file firmware/services/commissioning.c...
Generating caller graph for function command_is_valid
Generating call graph for function command_task
Generating caller graph for function command_task
Generating call graph for function commissioning_dispatch_command
Generating caller graph for function commissioning_dispatch_command
Generating call graph for function commissioning_get_status
Generating caller graph for function commissioning_get_status
Generating call graph for function commissioning_start
Generating caller graph for function commissioning_start
Generating docs for file firmware/services/commissioning.h...
Generating call graph for function commissioning_dispatch_command
Generating caller graph for function commissioning_dispatch_command
Generating call graph for function commissioning_get_status
Generating caller graph for function commissioning_get_status
Generating call graph for function commissioning_start
Generating caller graph for function commissioning_start
Generating docs for file firmware/services/dashboard.c...
Generating call graph for function command_post
Generating caller graph for function command_post
Generating call graph for function dashboard_start
Generating caller graph for function dashboard_start
Generating call graph for function history_get
Generating caller graph for function history_get
Generating caller graph for function root_get
Generating call graph for function start_server
Generating caller graph for function start_server
Generating call graph for function status_get
Generating caller graph for function status_get
Generating docs for file firmware/services/dashboard.h...
Generating call graph for function dashboard_start
Generating caller graph for function dashboard_start
Generating docs for file firmware/services/operating_state.c...
Generating caller graph for function operating_state_init
Generating caller graph for function operating_state_name
Generating caller graph for function operating_state_update
Generating docs for file firmware/services/operating_state.h...
Generating caller graph for function operating_state_init
Generating caller graph for function operating_state_name
Generating caller graph for function operating_state_update
Generating docs for file firmware/services/telemetry.c...
Generating caller graph for function telemetry_get_latest
Generating caller graph for function telemetry_history_json
Generating caller graph for function telemetry_publish
Generating docs for file firmware/services/telemetry.h...
Generating caller graph for function telemetry_get_latest
Generating caller graph for function telemetry_history_json
Generating caller graph for function telemetry_publish
Generating docs for file firmware/utils/helpers/helpers.c...
Generating docs for file firmware/utils/helpers/helpers.h...
Generating docs for file firmware/utils/logger/logger.c...
Generating docs for file firmware/utils/logger/logger.h...
Generating page documentation...
Generating group documentation...
Generating class documentation...
Generating docs for compound baseline_phase_stats_t...
Generating docs for compound baseline_record_t...
Generating docs for compound commissioning_status_t...
Generating docs for compound telemetry_snapshot_t...
Generating docs for compound vibration_sample_t...
Generating concept documentation...
Generating module documentation...
Generating namespace documentation...
Generating graph info page...
Generating directory documentation...
Generating dependency graph for directory firmware/app
Generating dependency graph for directory firmware/configs
Generating dependency graph for directory firmware/docs
Generating dependency graph for directory firmware/platforms/esp32
Generating dependency graph for directory firmware
Generating dependency graph for directory firmware/utils/helpers
Generating dependency graph for directory firmware/interfaces
Generating dependency graph for directory firmware/utils/logger
Generating dependency graph for directory firmware/platforms
Generating dependency graph for directory firmware/services
Generating dependency graph for directory firmware/utils
Generating index page...
Generating main page...
Generating page index...
Generating topic index...
Generating module index...
Generating module member index...
Generating namespace index...
Generating namespace member index...
Generating concept index...
Generating annotated compound index...
Generating alphabetical compound index...
Generating hierarchical class index...
Generating graphical class hierarchy...
Generating member index...
Generating file index...
Generating file member index...
Generating example index...
finalizing index lists...
writing tag file...
Running plantuml with JAVA...
Running mermaid (mmdc)...
Running dot...
Generating 176 dot graphs using 17 parallel threads with batch size 50...
Finished running dot for graphs 1-11/176
Finished running dot for graphs 12-22/176
Finished running dot for graphs 23-33/176
Finished running dot for graphs 34-44/176
Finished running dot for graphs 45-55/176
Finished running dot for graphs 56-66/176
Finished running dot for graphs 67-76/176
Finished running dot for graphs 77-86/176
Finished running dot for graphs 87-96/176
Finished running dot for graphs 97-106/176
Finished running dot for graphs 107-116/176
Finished running dot for graphs 117-126/176
Finished running dot for graphs 127-136/176
Finished running dot for graphs 137-146/176
Finished running dot for graphs 147-156/176
Finished running dot for graphs 157-166/176
Finished running dot for graphs 167-176/176
Patching output file 1/216
Patching output file 2/216
Patching output file 3/216
Patching output file 4/216
Patching output file 5/216
Patching output file 6/216
Patching output file 7/216
Patching output file 8/216
Patching output file 9/216
Patching output file 10/216
Patching output file 11/216
Patching output file 12/216
Patching output file 13/216
Patching output file 14/216
Patching output file 15/216
Patching output file 16/216
Patching output file 17/216
Patching output file 18/216
Patching output file 19/216
Patching output file 20/216
Patching output file 21/216
Patching output file 22/216
Patching output file 23/216
Patching output file 24/216
Patching output file 25/216
Patching output file 26/216
Patching output file 27/216
Patching output file 28/216
Patching output file 29/216
Patching output file 30/216
Patching output file 31/216
Patching output file 32/216
Patching output file 33/216
Patching output file 34/216
Patching output file 35/216
Patching output file 36/216
Patching output file 37/216
Patching output file 38/216
Patching output file 39/216
Patching output file 40/216
Patching output file 41/216
Patching output file 42/216
Patching output file 43/216
Patching output file 44/216
Patching output file 45/216
Patching output file 46/216
Patching output file 47/216
Patching output file 48/216
Patching output file 49/216
Patching output file 50/216
Patching output file 51/216
Patching output file 52/216
Patching output file 53/216
Patching output file 54/216
Patching output file 55/216
Patching output file 56/216
Patching output file 57/216
Patching output file 58/216
Patching output file 59/216
Patching output file 60/216
Patching output file 61/216
Patching output file 62/216
Patching output file 63/216
Patching output file 64/216
Patching output file 65/216
Patching output file 66/216
Patching output file 67/216
Patching output file 68/216
Patching output file 69/216
Patching output file 70/216
Patching output file 71/216
Patching output file 72/216
Patching output file 73/216
Patching output file 74/216
Patching output file 75/216
Patching output file 76/216
Patching output file 77/216
Patching output file 78/216
Patching output file 79/216
Patching output file 80/216
Patching output file 81/216
Patching output file 82/216
Patching output file 83/216
Patching output file 84/216
Patching output file 85/216
Patching output file 86/216
Patching output file 87/216
Patching output file 88/216
Patching output file 89/216
Patching output file 90/216
Patching output file 91/216
Patching output file 92/216
Patching output file 93/216
Patching output file 94/216
Patching output file 95/216
Patching output file 96/216
Patching output file 97/216
Patching output file 98/216
Patching output file 99/216
Patching output file 100/216
Patching output file 101/216
Patching output file 102/216
Patching output file 103/216
Patching output file 104/216
Patching output file 105/216
Patching output file 106/216
Patching output file 107/216
Patching output file 108/216
Patching output file 109/216
Patching output file 110/216
Patching output file 111/216
Patching output file 112/216
Patching output file 113/216
Patching output file 114/216
Patching output file 115/216
Patching output file 116/216
Patching output file 117/216
Patching output file 118/216
Patching output file 119/216
Patching output file 120/216
Patching output file 121/216
Patching output file 122/216
Patching output file 123/216
Patching output file 124/216
Patching output file 125/216
Patching output file 126/216
Patching output file 127/216
Patching output file 128/216
Patching output file 129/216
Patching output file 130/216
Patching output file 131/216
Patching output file 132/216
Patching output file 133/216
Patching output file 134/216
Patching output file 135/216
Patching output file 136/216
Patching output file 137/216
Patching output file 138/216
Patching output file 139/216
Patching output file 140/216
Patching output file 141/216
Patching output file 142/216
Patching output file 143/216
Patching output file 144/216
Patching output file 145/216
Patching output file 146/216
Patching output file 147/216
Patching output file 148/216
Patching output file 149/216
Patching output file 150/216
Patching output file 151/216
Patching output file 152/216
Patching output file 153/216
Patching output file 154/216
Patching output file 155/216
Patching output file 156/216
Patching output file 157/216
Patching output file 158/216
Patching output file 159/216
Patching output file 160/216
Patching output file 161/216
Patching output file 162/216
Patching output file 163/216
Patching output file 164/216
Patching output file 165/216
Patching output file 166/216
Patching output file 167/216
Patching output file 168/216
Patching output file 169/216
Patching output file 170/216
Patching output file 171/216
Patching output file 172/216
Patching output file 173/216
Patching output file 174/216
Patching output file 175/216
Patching output file 176/216
Patching output file 177/216
Patching output file 178/216
Patching output file 179/216
Patching output file 180/216
Patching output file 181/216
Patching output file 182/216
Patching output file 183/216
Patching output file 184/216
Patching output file 185/216
Patching output file 186/216
Patching output file 187/216
Patching output file 188/216
Patching output file 189/216
Patching output file 190/216
Patching output file 191/216
Patching output file 192/216
Patching output file 193/216
Patching output file 194/216
Patching output file 195/216
Patching output file 196/216
Patching output file 197/216
Patching output file 198/216
Patching output file 199/216
Patching output file 200/216
Patching output file 201/216
Patching output file 202/216
Patching output file 203/216
Patching output file 204/216
Patching output file 205/216
Patching output file 206/216
Patching output file 207/216
Patching output file 208/216
Patching output file 209/216
Patching output file 210/216
Patching output file 211/216
Patching output file 212/216
Patching output file 213/216
Patching output file 214/216
Patching output file 215/216
Patching output file 216/216
type lookup cache used 246/262144 hits=690 misses=385
symbol lookup cache used 563/262144 hits=707 misses=563
finished...
